x-axis,1,2
second,Volt,Volt
-9.9800E-03,,
-9.9700E-03,-1.4914259E+00,-541.9661E-03
-9.9600E-03,-1.5152575E+00,-529.0892E-03
-9.9500E-03,-1.5474560E+00,-510.6470E-03
-9.9400E-03,-1.5814007E+00,-488.5992E-03
-9.9300E-03,-1.6099811E+00,-471.6520E-03
-9.9200E-03,-1.6435364E+00,-458.5741E-03
-9.9100E-03,-1.6677952E+00,-442.6319E-03
-9.9000E-03,-1.6897299E+00,-420.0063E-03
-9.8900E-03,-1.7184610E+00,-398.4610E-03
-9.8800E-03,-1.7406847E+00,-384.2902E-03
-9.8700E-03,-1.7560239E+00,-372.2299E-03
-9.8600E-03,-1.7755967E+00,-354.3907E-03
-9.8500E-03,-1.7985239E+00,-330.4962E-03
-9.8400E-03,-1.8162751E+00,-310.4837E-03
-9.8300E-03,-1.8298053E+00,-295.0314E-03
-9.8200E-03,-1.8424937E+00,-275.4460E-03
-9.8100E-03,-1.8567022E+00,-251.3002E-03
-9.8000E-03,-1.8706344E+00,-230.6218E-03
-9.7900E-03,-1.8828706E+00,-215.6470E-03
-9.7800E-03,-1.8923429E+00,-197.3053E-03
-9.7700E-03,-1.8989510E+00,-171.6645E-03
-9.7600E-03,-1.9035615E+00,-150.5590E-03
-9.7500E-03,-1.9074434E+00,-137.0289E-03
-9.7400E-03,-1.9090264E+00,-121.4510E-03
-9.7300E-03,-1.9103706E+00,-98.3103E-03
-9.7200E-03,-1.9105841E+00,-76.7902E-03
-9.7100E-03,-1.9092776E+00,-60.6093E-03
-9.7000E-03,-1.9071922E+00,-45.5716E-03
-9.6900E-03,-1.9042274E+00,-24.9686E-03
-9.6800E-03,-1.8993530E+00,-2.6947E-03
-9.6700E-03,-1.8925816E+00,+15.7224E-03
-9.6600E-03,-1.8829334E+00,+31.4385E-03
-9.6500E-03,-1.8707600E+00,+51.7274E-03
-9.6400E-03,-1.8564510E+00,+75.2199E-03
-9.6300E-03,-1.8424434E+00,+96.3631E-03
-9.6200E-03,-1.8295163E+00,+115.3706E-03
-9.6100E-03,-1.8161620E+00,+135.7978E-03
-9.6000E-03,-1.7983982E+00,+156.3757E-03
-9.5900E-03,-1.7747550E+00,+171.7902E-03
-9.5800E-03,-1.7558605E+00,+181.9661E-03
-9.5700E-03,-1.7407349E+00,+192.2174E-03
-9.5600E-03,-1.7189635E+00,+208.2601E-03
-9.5500E-03,-1.6902323E+00,+229.9309E-03
-9.5400E-03,-1.6681595E+00,+247.9209E-03
-9.5300E-03,-1.6437876E+00,+260.8354E-03
-9.5200E-03,-1.6107600E+00,+272.5817E-03
-9.5100E-03,-1.5816519E+00,+288.3983E-03
-9.5000E-03,-1.5490891E+00,+307.6948E-03
-9.4900E-03,-1.5156469E+00,+325.3078E-03
-9.4800E-03,-1.4914132E+00,+337.3555E-03
-9.4700E-03,-1.4560866E+00,+345.5842E-03
-9.4600E-03,-1.4268529E+00,+355.2199E-03
-9.4500E-03,-1.3931217E+00,+368.8128E-03
-9.4400E-03,-1.3531092E+00,+385.4209E-03
-9.4300E-03,-1.3173680E+00,+400.2827E-03
-9.4200E-03,-1.2736871E+00,+412.4309E-03
-9.4100E-03,-1.2371293E+00,+421.9912E-03
-9.4000E-03,-1.1945665E+00,+430.6219E-03
-9.3900E-03,-1.1616393E+00,+439.4159E-03
-9.3800E-03,-1.1158856E+00,+449.5415E-03
-9.3700E-03,-1.0770539E+00,+460.0566E-03
-9.3600E-03,-1.0313253E+00,+470.0942E-03
-9.3500E-03,-992.3051E-03,+479.6169E-03
-9.3400E-03,-948.0338E-03,+487.5440E-03
-9.3300E-03,-904.6544E-03,+494.3782E-03
-9.3200E-03,-859.7926E-03,+499.7048E-03
-9.3100E-03,-810.0689E-03,+503.9385E-03
-9.3000E-03,-766.2373E-03,+508.1344E-03
-9.2900E-03,-714.9056E-03,+512.2174E-03
-9.2800E-03,-670.7724E-03,+516.6897E-03
-9.2700E-03,-621.8655E-03,+520.9359E-03
-9.2600E-03,-571.3252E-03,+524.3405E-03
-9.2500E-03,-521.4508E-03,+527.8580E-03
-9.2400E-03,-466.1494E-03,+530.9485E-03
-9.2300E-03,-414.2523E-03,+533.2098E-03
-9.2200E-03,-368.8880E-03,+535.0817E-03
-9.2100E-03,-315.4081E-03,+536.2249E-03
-9.2000E-03,-269.1267E-03,+536.6520E-03
-9.1900E-03,-217.5689E-03,+536.6394E-03
-9.1800E-03,-162.1166E-03,+535.5088E-03
-9.1700E-03,-116.8026E-03,+533.3731E-03
-9.1600E-03,-61.1494E-03,+530.9610E-03
-9.1500E-03,-10.9608E-03,+528.1093E-03
-9.1400E-03,+36.6019E-03,+525.1193E-03
-9.1300E-03,+94.1145E-03,+521.1872E-03
-9.1200E-03,+149.1145E-03,+517.2801E-03
-9.1100E-03,+195.3708E-03,+513.0842E-03
-9.1000E-03,+252.0416E-03,+509.0766E-03
-9.0900E-03,+303.8507E-03,+504.5540E-03
-9.0800E-03,+354.3281E-03,+499.9560E-03
-9.0700E-03,+409.6798E-03,+495.3580E-03
-9.0600E-03,+452.8708E-03,+488.9887E-03
-9.0500E-03,+506.1245E-03,+481.1872E-03
-9.0400E-03,+559.8306E-03,+472.2299E-03
-9.0300E-03,+598.7627E-03,+461.4887E-03
-9.0200E-03,+651.8657E-03,+450.9485E-03
-9.0100E-03,+699.5040E-03,+440.7726E-03
-9.0000E-03,+748.6497E-03,+431.7525E-03
-8.9900E-03,+800.4085E-03,+423.5741E-03
-8.9800E-03,+839.2401E-03,+414.3404E-03
-8.9700E-03,+889.2652E-03,+402.3178E-03
-8.9600E-03,+928.2226E-03,+387.7700E-03
-8.9500E-03,+976.4763E-03,+371.3253E-03
-8.9400E-03,+1.0126949E+00,+357.1922E-03
-8.9300E-03,+1.0611622E+00,+346.6268E-03
-8.9200E-03,+1.1057351E+00,+338.5490E-03
-8.9100E-03,+1.1496547E+00,+327.2927E-03
-8.9000E-03,+1.1935618E+00,+310.5841E-03
-8.8900E-03,+1.2291019E+00,+291.2625E-03
-8.8800E-03,+1.2652828E+00,+274.4158E-03
-8.8700E-03,+1.3029587E+00,+262.3555E-03
-8.8600E-03,+1.3377200E+00,+250.8102E-03
-8.8500E-03,+1.3777325E+00,+233.1343E-03
-8.8400E-03,+1.4071421E+00,+212.3806E-03
-8.8300E-03,+1.4439511E+00,+194.0640E-03
-8.8200E-03,+1.4693405E+00,+183.0213E-03
-8.8100E-03,+1.4948431E+00,+173.6997E-03
-8.8000E-03,+1.5308733E+00,+158.6368E-03
-8.7900E-03,+1.5578330E+00,+138.4735E-03
-8.7800E-03,+1.5883104E+00,+117.6193E-03
-8.7700E-03,+1.6183230E+00,+99.1142E-03
-8.7600E-03,+1.6403079E+00,+78.3604E-03
-8.7500E-03,+1.6657350E+00,+55.1820E-03
-8.7400E-03,+1.6900566E+00,+34.2650E-03
-8.7300E-03,+1.7080842E+00,+17.8580E-03
-8.7200E-03,+1.7242526E+00,+433.3E-06
-8.7100E-03,+1.7442903E+00,-22.1421E-03
-8.7000E-03,+1.7650441E+00,-42.8707E-03
-8.6900E-03,+1.7804963E+00,-58.3481E-03
-8.6800E-03,+1.7913757E+00,-73.6873E-03
-8.6700E-03,+1.8021923E+00,-95.6974E-03
-8.6600E-03,+1.8130465E+00,-118.6999E-03
-8.6500E-03,+1.8247802E+00,-135.4586E-03
-8.6400E-03,+1.8351571E+00,-148.4486E-03
-8.6300E-03,+1.8436244E+00,-169.5918E-03
-8.6200E-03,+1.8493907E+00,-194.6295E-03
-8.6100E-03,+1.8531595E+00,-214.4913E-03
-8.6000E-03,+1.8565641E+00,-228.9888E-03
-8.5900E-03,+1.8568656E+00,-248.9511E-03
-8.5800E-03,+1.8563756E+00,-273.0340E-03
-8.5700E-03,+1.8531972E+00,-292.9837E-03
-8.5600E-03,+1.8498680E+00,-308.6496E-03
-8.5500E-03,+1.8450690E+00,-328.4235E-03
-8.5400E-03,+1.8380087E+00,-352.2175E-03
-8.5300E-03,+1.8283228E+00,-370.7852E-03
-8.5200E-03,+1.8161117E+00,-383.2224E-03
-8.5100E-03,+1.8047298E+00,-396.8908E-03
-8.5000E-03,+1.7941896E+00,-417.8079E-03
-8.4900E-03,+1.7833856E+00,-440.8230E-03
-8.4800E-03,+1.7698428E+00,-457.4310E-03
-8.4700E-03,+1.7505840E+00,-470.0189E-03
-8.4600E-03,+1.7296544E+00,-487.0290E-03
-8.4500E-03,+1.7122800E+00,-508.3858E-03
-8.4400E-03,+1.6950690E+00,-527.5817E-03
-8.4300E-03,+1.6730840E+00,-541.1747E-03
-8.4200E-03,+1.6464508E+00,-553.4611E-03
-8.4100E-03,+1.6248805E+00,-571.5516E-03
-8.4000E-03,+1.5967020E+00,-592.8079E-03
-8.3900E-03,+1.5647548E+00,-610.9988E-03
-8.3800E-03,+1.5385362E+00,-625.3707E-03
-8.3700E-03,+1.5038502E+00,-639.2400E-03
-8.3600E-03,+1.4744031E+00,-655.9988E-03
-8.3500E-03,+1.4525438E+00,-672.8958E-03
-8.3400E-03,+1.4164759E+00,-686.9159E-03
-8.3300E-03,+1.3851317E+00,-697.1797E-03
-8.3200E-03,+1.3499180E+00,-704.5038E-03
-8.3100E-03,+1.3108729E+00,-712.9460E-03
-8.3000E-03,+1.2772296E+00,-723.3355E-03
-8.2900E-03,+1.2377699E+00,-735.7727E-03
-8.2800E-03,+1.2055085E+00,-749.2400E-03
-8.2700E-03,+1.1618904E+00,-761.2626E-03
-8.2600E-03,+1.1219029E+00,-771.2249E-03
-8.2500E-03,+1.0743402E+00,-778.9887E-03
-8.2400E-03,+1.0318024E+00,-785.6973E-03
-8.2300E-03,+988.3855E-03,-792.6320E-03
-8.2200E-03,+947.1793E-03,-800.0691E-03
-8.2100E-03,+903.6618E-03,-808.5616E-03
-8.2000E-03,+857.1290E-03,-817.1169E-03
-8.1900E-03,+817.3175E-03,-825.2450E-03
-8.1800E-03,+766.6767E-03,-833.0591E-03
-8.1700E-03,+719.9431E-03,-839.7048E-03
-8.1600E-03,+668.6492E-03,-845.6470E-03
-8.1500E-03,+618.0586E-03,-849.8430E-03
-8.1400E-03,+576.4759E-03,-853.8128E-03
-8.1300E-03,+525.2320E-03,-856.2751E-03
-8.1200E-03,+476.4883E-03,-858.0842E-03
-8.1100E-03,+424.4281E-03,-860.1068E-03
-8.1000E-03,+375.0938E-03,-861.0239E-03
-8.0900E-03,+326.5260E-03,-861.9409E-03
-8.0800E-03,+269.3527E-03,-862.6193E-03
-8.0700E-03,+217.8324E-03,-863.1972E-03
-8.0600E-03,+170.5462E-03,-863.4611E-03
-8.0500E-03,+112.4054E-03,-862.9083E-03
-8.0400E-03,+59.0887E-03,-862.3304E-03
-8.0300E-03,+10.2069E-03,-861.6017E-03
-8.0200E-03,-44.8559E-03,-860.5465E-03
-8.0100E-03,-93.2103E-03,-859.0264E-03
-8.0000E-03,-143.9388E-03,-856.8781E-03
-7.9900E-03,-197.7454E-03,-854.7299E-03
-7.9800E-03,-245.6851E-03,-851.3254E-03
-7.9700E-03,-298.5116E-03,-847.2801E-03
-7.9600E-03,-347.7454E-03,-841.9786E-03
-7.9500E-03,-392.6825E-03,-835.8982E-03
-7.9400E-03,-447.7956E-03,-828.5615E-03
-7.9300E-03,-497.6575E-03,-820.6344E-03
-7.9200E-03,-550.1448E-03,-811.9534E-03
-7.9100E-03,-605.1197E-03,-803.5112E-03
-7.9000E-03,-649.8434E-03,-795.0690E-03
-7.8900E-03,-700.6850E-03,-788.5866E-03
-7.8800E-03,-748.3484E-03,-781.9786E-03
-7.8700E-03,-793.4740E-03,-774.7424E-03
-7.8600E-03,-846.6398E-03,-765.3831E-03
-7.8500E-03,-888.8509E-03,-753.9257E-03
-7.8400E-03,-936.8533E-03,-740.5464E-03
-7.8300E-03,-977.9464E-03,-727.4559E-03
-7.8200E-03,-1.0217653E+00,-716.1871E-03
-7.8100E-03,-1.0623685E+00,-707.1670E-03
-7.8000E-03,-1.1056850E+00,-700.1570E-03
-7.7900E-03,-1.1485243E+00,-691.3253E-03
-7.7800E-03,-1.1858859E+00,-678.4107E-03
-7.7700E-03,-1.2230218E+00,-662.0036E-03
-7.7600E-03,-1.2643282E+00,-645.2197E-03
-7.7500E-03,-1.3041147E+00,-630.1192E-03
-7.7400E-03,-1.3436372E+00,-616.5388E-03
-7.7300E-03,-1.3801574E+00,-599.9056E-03
-7.7200E-03,-1.4187503E+00,-579.2900E-03
-7.7100E-03,-1.4451573E+00,-559.4408E-03
-7.7000E-03,-1.4832603E+00,-545.0062E-03
-7.6900E-03,-1.5085115E+00,-532.9333E-03
-7.6800E-03,-1.5369664E+00,-516.1242E-03
-7.6700E-03,-1.5728709E+00,-494.7674E-03
-7.6600E-03,-1.6012251E+00,-475.7850E-03
-7.6500E-03,-1.6344538E+00,-461.7775E-03
-7.6400E-03,-1.6619411E+00,-447.7699E-03
-7.6300E-03,-1.6830467E+00,-426.1493E-03
-7.6200E-03,-1.7102578E+00,-403.7875E-03
-7.6100E-03,-1.7350693E+00,-387.1544E-03
-7.6000E-03,-1.7514134E+00,-375.7222E-03
-7.5900E-03,-1.7689512E+00,-359.5538E-03
-7.5800E-03,-1.7917402E+00,-336.9910E-03
-7.5700E-03,-1.8115516E+00,-315.1694E-03
-7.5600E-03,-1.8265767E+00,-299.2398E-03
-7.5500E-03,-1.8383481E+00,-281.0613E-03
-7.5400E-03,-1.8520667E+00,-258.0086E-03
-7.5300E-03,-1.8663883E+00,-235.2699E-03
-7.5200E-03,-1.8796546E+00,-219.4659E-03
-7.5100E-03,-1.8896295E+00,-202.7573E-03
-7.5000E-03,-1.8970792E+00,-179.1141E-03
-7.4900E-03,-1.9020540E+00,-155.7347E-03
-7.4800E-03,-1.9059988E+00,-140.0187E-03
-7.4700E-03,-1.9077827E+00,-126.0991E-03
-7.4600E-03,-1.9102701E+00,-104.6166E-03
-7.4500E-03,-1.9102701E+00,-81.6267E-03
-7.4400E-03,-1.9102449E+00,-64.3277E-03
-7.4300E-03,-1.9071670E+00,-49.8177E-03
-7.4200E-03,-1.9047047E+00,-30.9734E-03
-7.4100E-03,-1.9004585E+00,-8.3729E-03
-7.4000E-03,-1.8943152E+00,+10.8984E-03
-7.3900E-03,-1.8853203E+00,+26.9537E-03
-7.3800E-03,-1.8739006E+00,+45.5844E-03
-7.3700E-03,-1.8603202E+00,+69.1271E-03
-7.3600E-03,-1.8460865E+00,+90.6472E-03
-7.3500E-03,-1.8330086E+00,+109.8934E-03
-7.3400E-03,-1.8203579E+00,+129.7678E-03
-7.3300E-03,-1.8033854E+00,+151.2125E-03
-7.3200E-03,-1.7808226E+00,+168.6245E-03
-7.3100E-03,-1.7603452E+00,+179.4662E-03
-7.3000E-03,-1.7448805E+00,+188.7878E-03
-7.2900E-03,-1.7253452E+00,+203.4110E-03
-7.2800E-03,-1.6974683E+00,+224.0392E-03
-7.2700E-03,-1.6733226E+00,+243.9889E-03
-7.2600E-03,-1.6513125E+00,+258.1094E-03
-7.2500E-03,-1.6197546E+00,+268.4361E-03
-7.2400E-03,-1.5891391E+00,+283.4361E-03
-7.2300E-03,-1.5584984E+00,+302.3181E-03
-7.2200E-03,-1.5227195E+00,+320.9738E-03
-7.2100E-03,-1.4984608E+00,+334.2652E-03
-7.2000E-03,-1.4670535E+00,+343.2476E-03
-7.1900E-03,-1.4335487E+00,+352.4059E-03
-7.1800E-03,-1.4036239E+00,+364.7552E-03
-7.1700E-03,-1.3619782E+00,+380.4964E-03
-7.1600E-03,-1.3276943E+00,+396.6270E-03
-7.1500E-03,-1.2833852E+00,+409.5793E-03
-7.1400E-03,-1.2480837E+00,+419.7174E-03
-7.1300E-03,-1.2037747E+00,+428.4234E-03
-7.1200E-03,-1.1719657E+00,+436.3380E-03
-7.1100E-03,-1.1266264E+00,+445.7476E-03
-7.1000E-03,-1.0885359E+00,+456.3758E-03
-7.0900E-03,-1.0415259E+00,+467.2677E-03
-7.0800E-03,-1.0048676E+00,+476.6521E-03
-7.0700E-03,-958.3350E-03,+485.6848E-03
-7.0600E-03,-918.5987E-03,+492.3053E-03
-7.0500E-03,-869.8802E-03,+497.9586E-03
-7.0400E-03,-825.0433E-03,+502.7953E-03
-7.0300E-03,-777.3173E-03,+507.1043E-03
-7.0200E-03,-727.3424E-03,+511.0868E-03
-7.0100E-03,-685.0182E-03,+514.8681E-03
-7.0000E-03,-632.6314E-03,+519.3782E-03
-6.9900E-03,-586.3624E-03,+523.5742E-03
-6.9800E-03,-535.0057E-03,+527.4561E-03
-6.9700E-03,-478.4730E-03,+530.0817E-03
-6.9600E-03,-429.8548E-03,+532.4812E-03
-6.9500E-03,-379.7420E-03,+534.5163E-03
-6.9400E-03,-329.3147E-03,+536.0364E-03
-6.9300E-03,-284.4279E-03,+536.3756E-03
-6.9200E-03,-229.1640E-03,+536.5641E-03
-6.9100E-03,-178.4477E-03,+536.0239E-03
-6.9000E-03,-130.8725E-03,+534.3907E-03
-6.8900E-03,-73.7871E-03,+531.7902E-03
-6.8800E-03,-27.9955E-03,+529.0640E-03
-6.8700E-03,+24.1525E-03,+526.3379E-03
-6.8600E-03,+79.1276E-03,+522.6696E-03
-6.8500E-03,+132.4442E-03,+518.6243E-03
-6.8400E-03,+183.9766E-03,+514.2525E-03
-6.8300E-03,+237.7080E-03,+510.0062E-03
-6.8200E-03,+286.7659E-03,+505.4459E-03
-6.8100E-03,+342.4063E-03,+500.9107E-03
-6.8000E-03,+396.2005E-03,+496.4509E-03
-6.7900E-03,+438.5621E-03,+490.4208E-03
-6.7800E-03,+494.1777E-03,+483.6117E-03
-6.7700E-03,+544.6051E-03,+474.2901E-03
-6.7600E-03,+587.7831E-03,+464.5916E-03
-6.7500E-03,+638.0974E-03,+453.7373E-03
-6.7400E-03,+684.2405E-03,+443.5112E-03
-6.7300E-03,+736.8661E-03,+434.3403E-03
-6.7200E-03,+785.3839E-03,+425.8981E-03
-6.7100E-03,+828.8761E-03,+417.0288E-03
-6.7000E-03,+876.0371E-03,+405.6845E-03
-6.6900E-03,+916.1752E-03,+391.6895E-03
-6.6800E-03,+965.1074E-03,+375.4332E-03
-6.6700E-03,+1.0010872E+00,+360.5714E-03
-6.6600E-03,+1.0496174E+00,+349.4534E-03
-6.6500E-03,+1.0913637E+00,+340.7348E-03
-6.6400E-03,+1.1392530E+00,+330.8101E-03
-6.6300E-03,+1.1807983E+00,+315.4834E-03
-6.6200E-03,+1.2209615E+00,+296.1367E-03
-6.6100E-03,+1.2537756E+00,+278.2850E-03
-6.6000E-03,+1.2939389E+00,+265.4835E-03
-6.5900E-03,+1.3268787E+00,+254.1770E-03
-6.5800E-03,+1.3685746E+00,+238.5362E-03
-6.5700E-03,+1.3970419E+00,+218.0964E-03
-6.5600E-03,+1.4338636E+00,+198.2724E-03
-6.5500E-03,+1.4642277E+00,+185.7097E-03
-6.5400E-03,+1.4858861E+00,+176.2875E-03
-6.5300E-03,+1.5212379E+00,+163.6241E-03
-6.5200E-03,+1.5504840E+00,+144.4532E-03
-6.5100E-03,+1.5794163E+00,+123.1090E-03
-6.5000E-03,+1.6107730E+00,+103.8628E-03
-6.4900E-03,+1.6346297E+00,+84.6166E-03
-6.4800E-03,+1.6583986E+00,+61.2748E-03
-6.4700E-03,+1.6843910E+00,+39.0638E-03
-6.4600E-03,+1.7038381E+00,+21.9910E-03
-6.4500E-03,+1.7191900E+00,+5.4960E-03
-6.4400E-03,+1.7388131E+00,-15.4212E-03
-6.4300E-03,+1.7595920E+00,-38.0468E-03
-6.4200E-03,+1.7766647E+00,-54.9437E-03
-6.4100E-03,+1.7887250E+00,-69.1397E-03
-6.4000E-03,+1.7992150E+00,-89.1021E-03
-6.3900E-03,+1.8100944E+00,-112.5443E-03
-6.3800E-03,+1.8220542E+00,-131.6522E-03
-6.3700E-03,+1.8320667E+00,-144.8934E-03
-6.3600E-03,+1.8412375E+00,-162.4438E-03
-6.3500E-03,+1.8480843E+00,-187.5946E-03
-6.3400E-03,+1.8530214E+00,-209.7678E-03
-6.3300E-03,+1.8560113E+00,-224.7678E-03
-6.3200E-03,+1.8567274E+00,-242.9589E-03
-6.3100E-03,+1.8563882E+00,-266.7906E-03
-6.3000E-03,+1.8548680E+00,-288.8508E-03
-6.2900E-03,+1.8518027E+00,-304.8432E-03
-6.2800E-03,+1.8465388E+00,-322.5317E-03
-6.2700E-03,+1.8396544E+00,-346.1247E-03
-6.2600E-03,+1.8305338E+00,-366.9537E-03
-6.2500E-03,+1.8196292E+00,-380.4336E-03
-6.2400E-03,+1.8081970E+00,-393.0216E-03
-6.2300E-03,+1.7973930E+00,-411.7026E-03
-6.2200E-03,+1.7865764E+00,-435.3584E-03
-6.2100E-03,+1.7742146E+00,-453.5994E-03
-6.2000E-03,+1.7560612E+00,-466.5517E-03
-6.1900E-03,+1.7352447E+00,-481.7779E-03
-6.1800E-03,+1.7165135E+00,-502.5569E-03
-6.1700E-03,+1.7006593E+00,-523.0467E-03
-6.1600E-03,+1.6799431E+00,-537.6572E-03
-6.1500E-03,+1.6532973E+00,-549.7804E-03
-6.1400E-03,+1.6305336E+00,-566.0744E-03
-6.1300E-03,+1.6050937E+00,-586.5769E-03
-6.1200E-03,+1.5728449E+00,-606.2377E-03
-6.1100E-03,+1.5454581E+00,-621.6773E-03
-6.1000E-03,+1.5143524E+00,-635.3331E-03
-6.0900E-03,+1.4805335E+00,-651.3884E-03
-6.0800E-03,+1.4601441E+00,-668.3231E-03
-6.0700E-03,+1.4265761E+00,-683.6120E-03
-6.0600E-03,+1.3924681E+00,-694.7175E-03
-6.0500E-03,+1.3620911E+00,-703.1722E-03
-6.0400E-03,+1.3203072E+00,-710.4712E-03
-6.0300E-03,+1.2879454E+00,-720.3582E-03
-6.0200E-03,+1.2469906E+00,-732.4562E-03
-6.0100E-03,+1.2155208E+00,-745.6723E-03
-6.0000E-03,+1.1732719E+00,-758.5743E-03
-5.9900E-03,+1.1335232E+00,-768.8506E-03
-5.9800E-03,+1.0858975E+00,-777.0290E-03
-5.9700E-03,+1.0452065E+00,-784.0516E-03
-5.9600E-03,+997.5685E-03,-790.6597E-03
-5.9500E-03,+961.2115E-03,-797.9587E-03
-5.9400E-03,+913.1715E-03,-806.0742E-03
-5.9300E-03,+871.5004E-03,-814.5667E-03
-5.9200E-03,+827.0284E-03,-823.0591E-03
-5.9100E-03,+781.5255E-03,-831.2753E-03
-5.9000E-03,+733.8246E-03,-838.3481E-03
-5.8900E-03,+681.0105E-03,-843.9888E-03
-5.8800E-03,+634.3520E-03,-849.1018E-03
-5.8700E-03,+585.4328E-03,-852.7199E-03
-5.8600E-03,+540.9726E-03,-855.4711E-03
-5.8500E-03,+490.7969E-03,-857.5691E-03
-5.8400E-03,+435.5709E-03,-859.7048E-03
-5.8300E-03,+392.1787E-03,-860.9610E-03
-5.8200E-03,+339.5156E-03,-861.6269E-03
-5.8100E-03,+282.8947E-03,-862.5189E-03
-5.8000E-03,+234.0129E-03,-863.0967E-03
-5.7900E-03,+180.9730E-03,-863.1595E-03
-5.7800E-03,+127.8822E-03,-863.0088E-03
-5.7700E-03,+75.2817E-03,-862.4309E-03
-5.7600E-03,+21.4880E-03,-861.6395E-03
-5.7500E-03,-31.1880E-03,-860.6470E-03
-5.7400E-03,-77.0800E-03,-859.4409E-03
-5.7300E-03,-133.1979E-03,-857.3932E-03
-5.7200E-03,-181.8038E-03,-855.4459E-03
-5.7100E-03,-231.2634E-03,-852.1419E-03
-5.7000E-03,-286.9668E-03,-848.1469E-03
-5.6900E-03,-331.7661E-03,-843.3354E-03
-5.6800E-03,-381.4642E-03,-837.5941E-03
-5.6700E-03,-433.7385E-03,-830.2574E-03
-5.6600E-03,-481.9419E-03,-822.4935E-03
-5.6500E-03,-537.9090E-03,-813.9132E-03
-5.6400E-03,-591.4268E-03,-805.2323E-03
-5.6300E-03,-636.1503E-03,-797.3680E-03
-5.6200E-03,-690.0197E-03,-790.1067E-03
-5.6100E-03,-733.2735E-03,-783.4484E-03
-5.6000E-03,-782.0673E-03,-776.4132E-03
-5.5900E-03,-833.1228E-03,-768.1468E-03
-5.5800E-03,-875.8864E-03,-757.0664E-03
-5.5700E-03,-925.7985E-03,-744.0261E-03
-5.5600E-03,-965.7106E-03,-731.0613E-03
-5.5500E-03,-1.0117783E+00,-718.9382E-03
-5.5400E-03,-1.0490775E+00,-709.4282E-03
-5.5300E-03,-1.0955346E+00,-702.2423E-03
-5.5200E-03,-1.1352835E+00,-694.3277E-03
-5.5100E-03,-1.1781224E+00,-682.6442E-03
-5.5000E-03,-1.2105222E+00,-666.8653E-03
-5.4900E-03,-1.2553462E+00,-649.9808E-03
-5.4800E-03,-1.2910749E+00,-634.1517E-03
-5.4700E-03,-1.3347556E+00,-620.6342E-03
-5.4600E-03,-1.3688889E+00,-604.7547E-03
-5.4500E-03,-1.4098310E+00,-584.7672E-03
-5.4400E-03,-1.4372681E+00,-563.9884E-03
-5.4300E-03,-1.4734115E+00,-548.2472E-03
-5.4200E-03,-1.5021926E+00,-536.2372E-03
-5.4100E-03,-1.5278711E+00,-521.0110E-03
-5.4000E-03,-1.5640396E+00,-500.5335E-03
-5.3900E-03,-1.5937756E+00,-480.3577E-03
-5.3800E-03,-1.6254591E+00,-465.3201E-03
-5.3700E-03,-1.6557102E+00,-452.6568E-03
-5.3600E-03,-1.6774438E+00,-433.3727E-03
-5.3500E-03,-1.7024817E+00,-409.5159E-03
-5.3400E-03,-1.7299690E+00,-391.0236E-03
-5.3300E-03,-1.7476950E+00,-378.9256E-03
-5.3200E-03,-1.7647553E+00,-365.3828E-03
-5.3100E-03,-1.7859615E+00,-343.3224E-03
-5.3000E-03,-1.8066272E+00,-320.5712E-03
-5.2900E-03,-1.8230593E+00,-303.4734E-03
-5.2800E-03,-1.8357728E+00,-286.7773E-03
-5.2700E-03,-1.8486623E+00,-264.7294E-03
-5.2600E-03,-1.8633985E+00,-240.5461E-03
-5.2500E-03,-1.8766648E+00,-223.3980E-03
-5.2400E-03,-1.8872552E+00,-207.8702E-03
-5.2300E-03,-1.8953204E+00,-185.8223E-03
-5.2200E-03,-1.9013506E+00,-161.2496E-03
-5.2100E-03,-1.9050440E+00,-143.8629E-03
-5.2000E-03,-1.9078203E+00,-130.1818E-03
-5.1900E-03,-1.9105841E+00,-111.3501E-03
-5.1800E-03,-1.9106218E+00,-87.8827E-03
-5.1700E-03,-1.9102701E+00,-68.2220E-03
-5.1600E-03,-1.9075816E+00,-53.8879E-03
-5.1500E-03,-1.9053077E+00,-36.9029E-03
-5.1400E-03,-1.9015640E+00,-14.3651E-03
-5.1300E-03,-1.8959860E+00,+6.5141E-03
-5.1200E-03,-1.8884860E+00,+22.7956E-03
-5.1100E-03,-1.8774934E+00,+39.9187E-03
-5.1000E-03,-1.8644783E+00,+62.2178E-03
-5.0900E-03,-1.8493904E+00,+85.3082E-03
-5.0800E-03,-1.8362121E+00,+104.6423E-03
-5.0700E-03,-1.8240763E+00,+124.0142E-03
-5.0600E-03,-1.8083728E+00,+145.4213E-03
-5.0500E-03,-1.7874681E+00,+164.2277E-03
-5.0400E-03,-1.7659230E+00,+176.9663E-03
-5.0300E-03,-1.7489130E+00,+186.0994E-03
-5.0200E-03,-1.7316390E+00,+199.1775E-03
-5.0100E-03,-1.7052821E+00,+218.4615E-03
-5.0000E-03,-1.6794279E+00,+238.9137E-03
-4.9900E-03,-1.6578198E+00,+254.9061E-03
-4.9800E-03,-1.6288498E+00,+265.6472E-03
-4.9700E-03,-1.5965258E+00,+279.0266E-03
-4.9600E-03,-1.5669654E+00,+297.1423E-03
-4.9500E-03,-1.5309353E+00,+316.1121E-03
-4.9400E-03,-1.5049053E+00,+331.0492E-03
-4.9300E-03,-1.4781463E+00,+340.9989E-03
-4.9200E-03,-1.4407343E+00,+349.6171E-03
-4.9100E-03,-1.4136865E+00,+360.9990E-03
-4.9000E-03,-1.3728949E+00,+376.2252E-03
-4.8900E-03,-1.3379704E+00,+391.9790E-03
-4.8800E-03,-1.2953320E+00,+405.9865E-03
-4.8700E-03,-1.2583096E+00,+417.3934E-03
-4.8600E-03,-1.2151058E+00,+426.1246E-03
-4.8500E-03,-1.1811866E+00,+434.8306E-03
-4.8400E-03,-1.1401936E+00,+443.8507E-03
-4.8300E-03,-1.0995281E+00,+453.9010E-03
-4.8200E-03,-1.0536611E+00,+464.7552E-03
-4.8100E-03,-1.0161362E+00,+474.6798E-03
-4.8000E-03,-970.5706E-03,+483.5115E-03
-4.7900E-03,-930.9602E-03,+490.5466E-03
-4.7800E-03,-881.1360E-03,+496.8783E-03
-4.7700E-03,-839.8796E-03,+501.8782E-03
-4.7600E-03,-788.3723E-03,+506.0239E-03
-4.7500E-03,-742.2413E-03,+509.9561E-03
-4.7400E-03,-697.2668E-03,+514.4662E-03
-4.7300E-03,-645.4323E-03,+518.4486E-03
-4.7200E-03,-602.0529E-03,+522.3807E-03
-4.7100E-03,-547.8194E-03,+525.8857E-03
-4.7000E-03,-493.5603E-03,+529.8053E-03
-4.6900E-03,-445.1936E-03,+531.9913E-03
-4.6800E-03,-390.3822E-03,+534.3782E-03
-4.6700E-03,-344.4020E-03,+535.7098E-03
-4.6600E-03,-296.0732E-03,+536.5138E-03
-4.6500E-03,-242.2413E-03,+537.0917E-03
-4.6400E-03,-194.2638E-03,+536.1871E-03
-4.6300E-03,-141.5632E-03,+534.7424E-03
-4.6200E-03,-88.9999E-03,+532.6444E-03
-4.6100E-03,-42.1410E-03,+529.9685E-03
-4.6000E-03,+12.6580E-03,+527.1670E-03
-4.5900E-03,+62.6835E-03,+523.2223E-03
-4.5800E-03,+115.8492E-03,+519.4283E-03
-4.5700E-03,+172.6705E-03,+515.4584E-03
-4.5600E-03,+221.3267E-03,+510.9233E-03
-4.5500E-03,+272.3314E-03,+506.7524E-03
-4.5400E-03,+330.0702E-03,+502.5564E-03
-4.5300E-03,+379.7689E-03,+497.8831E-03
-4.5200E-03,+427.2182E-03,+492.5941E-03
-4.5100E-03,+480.7109E-03,+485.7850E-03
-4.5000E-03,+529.1156E-03,+477.6065E-03
-4.4900E-03,+579.3790E-03,+467.3302E-03
-4.4800E-03,+622.5955E-03,+456.8402E-03
-4.4700E-03,+672.2434E-03,+446.4634E-03
-4.4600E-03,+724.6807E-03,+436.8151E-03
-4.4500E-03,+770.3844E-03,+428.1719E-03
-4.4400E-03,+819.9693E-03,+420.0312E-03
-4.4300E-03,+861.4270E-03,+408.9632E-03
-4.4200E-03,+906.0497E-03,+396.0612E-03
-4.4100E-03,+952.0552E-03,+380.3326E-03
-4.4000E-03,+991.4894E-03,+364.4155E-03
-4.3900E-03,+1.0369923E+00,+352.3176E-03
-4.3800E-03,+1.0790902E+00,+343.5864E-03
-4.3700E-03,+1.1280098E+00,+333.9634E-03
-4.3600E-03,+1.1683615E+00,+320.4456E-03
-4.3500E-03,+1.2126578E+00,+301.7897E-03
-4.3400E-03,+1.2440021E+00,+283.3225E-03
-4.3300E-03,+1.2848439E+00,+268.8125E-03
-4.3200E-03,+1.3169920E+00,+257.9708E-03
-4.3100E-03,+1.3584118E+00,+243.4983E-03
-4.3000E-03,+1.3899189E+00,+224.0259E-03
-4.2900E-03,+1.4237633E+00,+203.5486E-03
-4.2800E-03,+1.4580093E+00,+188.7121E-03
-4.2700E-03,+1.4786752E+00,+179.1644E-03
-4.2600E-03,+1.5109368E+00,+167.9582E-03
-4.2500E-03,+1.5438762E+00,+150.0310E-03
-4.2400E-03,+1.5703084E+00,+128.9003E-03
-4.2300E-03,+1.6031351E+00,+109.4531E-03
-4.2200E-03,+1.6290896E+00,+90.2571E-03
-4.2100E-03,+1.6508612E+00,+68.3097E-03
-4.2000E-03,+1.6777330E+00,+45.0058E-03
-4.1900E-03,+1.6989137E+00,+26.4381E-03
-4.1800E-03,+1.7148684E+00,+10.4833E-03
-4.1700E-03,+1.7333359E+00,-9.5043E-03
-4.1600E-03,+1.7541147E+00,-32.1550E-03
-4.1500E-03,+1.7727704E+00,-50.7227E-03
-4.1400E-03,+1.7855216E+00,-65.0694E-03
-4.1300E-03,+1.7962753E+00,-83.1726E-03
-4.1200E-03,+1.8071548E+00,-106.6903E-03
-4.1100E-03,+1.8189512E+00,-126.8660E-03
-4.1000E-03,+1.8303081E+00,-141.1750E-03
-4.0900E-03,+1.8393029E+00,-156.8283E-03
-4.0800E-03,+1.8463130E+00,-180.6476E-03
-4.0700E-03,+1.8515014E+00,-204.5293E-03
-4.0600E-03,+1.8538380E+00,-220.1322E-03
-4.0500E-03,+1.8563756E+00,-237.1550E-03
-4.0400E-03,+1.8565766E+00,-259.5671E-03
-4.0300E-03,+1.8564006E+00,-283.2731E-03
-4.0200E-03,+1.8526068E+00,-300.2956E-03
-4.0100E-03,+1.8484860E+00,-316.6400E-03
-4.0000E-03,+1.8416142E+00,-339.2908E-03
-3.9900E-03,+1.8333226E+00,-361.9415E-03
-3.9800E-03,+1.8225185E+00,-376.9161E-03
-3.9700E-03,+1.8112371E+00,-388.8257E-03
-3.9600E-03,+1.8000814E+00,-405.7103E-03
-3.9500E-03,+1.7896040E+00,-428.4239E-03
-3.9400E-03,+1.7780210E+00,-449.0644E-03
-3.9300E-03,+1.7614631E+00,-462.9714E-03
-3.9200E-03,+1.7404957E+00,-476.8785E-03
-3.9100E-03,+1.7208852E+00,-495.8988E-03
-3.9000E-03,+1.7050562E+00,-517.4942E-03
-3.8900E-03,+1.6859730E+00,-533.9011E-03
-3.8800E-03,+1.6607342E+00,-546.2000E-03
-3.8700E-03,+1.6360610E+00,-560.9615E-03
-3.8600E-03,+1.6134478E+00,-580.5469E-03
-3.8500E-03,+1.5816889E+00,-601.5394E-03
-3.8400E-03,+1.5527694E+00,-617.8207E-03
-3.8300E-03,+1.5239125E+00,-631.2629E-03
-3.8200E-03,+1.4877694E+00,-646.9036E-03
-3.8100E-03,+1.4652194E+00,-663.5494E-03
-3.8000E-03,+1.4365254E+00,-679.3031E-03
-3.7900E-03,+1.4000557E+00,-692.1171E-03
-3.7800E-03,+1.3711487E+00,-701.0617E-03
-3.7700E-03,+1.3300179E+00,-708.1849E-03
-3.7600E-03,+1.2974929E+00,-716.9915E-03
-3.7500E-03,+1.2574425E+00,-728.4237E-03
-3.7400E-03,+1.2240508E+00,-741.9539E-03
-3.7300E-03,+1.1855705E+00,-754.7428E-03
-3.7200E-03,+1.1443395E+00,-766.0116E-03
-3.7100E-03,+1.0989121E+00,-775.2703E-03
-3.7000E-03,+1.0564374E+00,-782.1295E-03
-3.6900E-03,+1.0076560E+00,-788.7878E-03
-3.6800E-03,+972.7692E-03,-795.7602E-03
-3.6700E-03,+923.8744E-03,-803.8130E-03
-3.6600E-03,+885.6332E-03,-812.2552E-03
-3.6500E-03,+836.4626E-03,-820.5090E-03
-3.6400E-03,+796.4496E-03,-828.9010E-03
-3.6300E-03,+745.6208E-03,-835.7226E-03
-3.6200E-03,+694.8666E-03,-842.0415E-03
-3.6100E-03,+648.3342E-03,-847.7828E-03
-3.6000E-03,+595.4450E-03,-851.1621E-03
-3.5900E-03,+556.3240E-03,-854.6420E-03
-3.5800E-03,+503.5604E-03,-856.8280E-03
-3.5700E-03,+449.2512E-03,-858.8003E-03
-3.5600E-03,+407.3545E-03,-860.3329E-03
-3.5500E-03,+351.6006E-03,-861.2123E-03
-3.5400E-03,+299.5524E-03,-862.4184E-03
-3.5300E-03,+248.7487E-03,-862.8455E-03
-3.5200E-03,+192.5805E-03,-863.1595E-03
-3.5100E-03,+144.8539E-03,-862.5314E-03
-3.5000E-03,+90.6707E-03,-862.5313E-03
-3.4900E-03,+33.1080E-03,-861.6394E-03
-3.4800E-03,-14.9702E-03,-860.9610E-03
-3.4700E-03,-63.9144E-03,-859.8555E-03
-3.4600E-03,-120.6231E-03,-858.0213E-03
-3.4500E-03,-165.4852E-03,-855.4333E-03
-3.4400E-03,-219.7435E-03,-852.7700E-03
-3.4300E-03,-272.3948E-03,-849.1770E-03
-3.4200E-03,-317.6457E-03,-844.7549E-03
-3.4100E-03,-370.7486E-03,-839.4910E-03
-3.4000E-03,-417.1812E-03,-832.1292E-03
-3.3900E-03,-468.4120E-03,-824.6292E-03
-3.3800E-03,-524.6809E-03,-816.1618E-03
-3.3700E-03,-574.8696E-03,-807.1668E-03
-3.3600E-03,-624.8817E-03,-799.3779E-03
-3.3500E-03,-676.3520E-03,-791.8654E-03
-3.3400E-03,-719.8191E-03,-785.3453E-03
-3.3300E-03,-770.8491E-03,-778.3729E-03
-3.3200E-03,-817.8973E-03,-770.4834E-03
-3.3100E-03,-865.2836E-03,-760.2572E-03
-3.3000E-03,-913.0354E-03,-747.8954E-03
-3.2900E-03,-954.0776E-03,-734.7798E-03
-3.2800E-03,-1.0000200E+00,-722.0412E-03
-3.2700E-03,-1.0373315E+00,-711.5890E-03
-3.2600E-03,-1.0847184E+00,-704.2020E-03
-3.2500E-03,-1.1222689E+00,-696.3880E-03
-3.2400E-03,-1.1689270E+00,-685.5838E-03
-3.2300E-03,-1.2000700E+00,-670.9983E-03
-3.2200E-03,-1.2443542E+00,-653.9003E-03
-3.2100E-03,-1.2801205E+00,-638.1843E-03
-3.2000E-03,-1.3250325E+00,-624.0260E-03
-3.1900E-03,-1.3588389E+00,-609.2144E-03
-3.1800E-03,-1.4007110E+00,-590.5208E-03
-3.1700E-03,-1.4311250E+00,-568.8876E-03
-3.1600E-03,-1.4624572E+00,-552.3174E-03
-3.1500E-03,-1.4959492E+00,-539.6667E-03
-3.1400E-03,-1.5205220E+00,-525.6590E-03
-3.1300E-03,-1.5545298E+00,-505.9479E-03
-3.1200E-03,-1.5862256E+00,-485.1062E-03
-3.1100E-03,-1.6163138E+00,-469.0512E-03
-3.1000E-03,-1.6489015E+00,-456.4381E-03
-3.0900E-03,-1.6713762E+00,-439.0509E-03
-3.0800E-03,-1.6948186E+00,-415.9102E-03
-3.0700E-03,-1.7232104E+00,-395.0561E-03
-3.0600E-03,-1.7436248E+00,-382.1291E-03
-3.0500E-03,-1.7592655E+00,-369.5662E-03
-3.0400E-03,-1.7790396E+00,-349.8047E-03
-3.0300E-03,-1.8015018E+00,-326.0484E-03
-3.0200E-03,-1.8188133E+00,-307.2043E-03
-3.0100E-03,-1.8322553E+00,-291.4757E-03
-3.0000E-03,-1.8446298E+00,-270.5081E-03
-2.9900E-03,-1.8591021E+00,-246.9654E-03
-2.9800E-03,-1.8729464E+00,-227.5310E-03
-2.9700E-03,-1.8847302E+00,-212.6441E-03
-2.9600E-03,-1.8933607E+00,-192.4428E-03
-2.9500E-03,-1.8996547E+00,-167.0533E-03
-2.9400E-03,-1.9046294E+00,-147.2420E-03
-2.9300E-03,-1.9073305E+00,-134.2647E-03
-2.9200E-03,-1.9099185E+00,-117.3927E-03
-2.9100E-03,-1.9102701E+00,-93.7996E-03
-2.9000E-03,-1.9102701E+00,-72.6440E-03
-2.8900E-03,-1.9081594E+00,-57.6818E-03
-2.8800E-03,-1.9066643E+00,-41.7519E-03
-2.8700E-03,-1.9025689E+00,-20.0684E-03
-2.8600E-03,-1.8977699E+00,+1.2882E-03
-2.8500E-03,-1.8907347E+00,+18.8761E-03
-2.8400E-03,-1.8807973E+00,+35.2706E-03
-2.8300E-03,-1.8679832E+00,+56.6276E-03
-2.8200E-03,-1.8532847E+00,+80.3587E-03
-2.8100E-03,-1.8397546E+00,+99.8938E-03
-2.8000E-03,-1.8273552E+00,+118.8762E-03
-2.7900E-03,-1.8128073E+00,+139.9441E-03
-2.7800E-03,-1.7937116E+00,+160.1450E-03
-2.7700E-03,-1.7709981E+00,+174.4915E-03
-2.7600E-03,-1.7532093E+00,+183.6749E-03
-2.7500E-03,-1.7375308E+00,+194.9439E-03
-2.7400E-03,-1.7132467E+00,+212.6199E-03
-2.7300E-03,-1.6858347E+00,+233.9642E-03
-2.7200E-03,-1.6639252E+00,+251.0745E-03
-2.7100E-03,-1.6376309E+00,+262.8584E-03
-2.7000E-03,-1.6046787E+00,+275.2203E-03
-2.6900E-03,-1.5760732E+00,+292.2054E-03
-2.6800E-03,-1.5411860E+00,+312.0044E-03
-2.6700E-03,-1.5110482E+00,+328.3107E-03
-2.6600E-03,-1.4861361E+00,+338.9010E-03
-2.6500E-03,-1.4492137E+00,+347.1423E-03
-2.6400E-03,-1.4220406E+00,+357.7579E-03
-2.6300E-03,-1.3842638E+00,+371.7529E-03
-2.6200E-03,-1.3468521E+00,+388.3987E-03
-2.6100E-03,-1.3079948E+00,+403.2102E-03
-2.6000E-03,-1.2671158E+00,+414.6046E-03
-2.5900E-03,-1.2275677E+00,+423.9261E-03
-2.5800E-03,-1.1883974E+00,+432.5065E-03
-2.5700E-03,-1.1530701E+00,+441.2001E-03
-2.5600E-03,-1.1094399E+00,+450.8231E-03
-2.5500E-03,-1.0675549E+00,+462.5318E-03
-2.5400E-03,-1.0250179E+00,+472.3056E-03
-2.5300E-03,-983.3842E-03,+481.4889E-03
-2.5200E-03,-940.8595E-03,+489.5165E-03
-2.5100E-03,-894.6027E-03,+495.7099E-03
-2.5000E-03,-852.7939E-03,+500.5341E-03
-2.4900E-03,-800.0926E-03,+504.7803E-03
-2.4800E-03,-756.6128E-03,+509.0265E-03
-2.4700E-03,-707.0278E-03,+513.2727E-03
-2.4600E-03,-660.1804E-03,+517.5190E-03
-2.4500E-03,-614.4145E-03,+521.7652E-03
-2.4400E-03,-560.5199E-03,+525.6847E-03
-2.4300E-03,-510.0297E-03,+528.9261E-03
-2.4200E-03,-457.7185E-03,+531.8531E-03
-2.4100E-03,-403.4720E-03,+534.3531E-03
-2.4000E-03,-360.0172E-03,+535.5214E-03
-2.3900E-03,-307.2035E-03,+536.4888E-03
-2.3800E-03,-257.9441E-03,+536.9661E-03
-2.3700E-03,-208.9371E-03,+536.9410E-03
-2.3600E-03,-153.1581E-03,+535.4711E-03
-2.3500E-03,-105.8712E-03,+533.6369E-03
-2.3400E-03,-53.6357E-03,+530.7223E-03
-2.3300E-03,-306.2E-06,+527.8202E-03
-2.3200E-03,+46.0760E-03,+524.3655E-03
-2.3100E-03,+102.1183E-03,+520.6845E-03
-2.3000E-03,+159.5181E-03,+516.4258E-03
-2.2900E-03,+205.6737E-03,+512.2926E-03
-2.2800E-03,+260.2086E-03,+507.7825E-03
-2.2700E-03,+315.3473E-03,+504.2147E-03
-2.2600E-03,+363.7643E-03,+499.2900E-03
-2.2500E-03,+417.3064E-03,+493.9383E-03
-2.2400E-03,+464.4679E-03,+487.5438E-03
-2.2300E-03,+514.7187E-03,+479.8804E-03
-2.2200E-03,+568.7513E-03,+469.8552E-03
-2.2100E-03,+607.5833E-03,+459.6291E-03
-2.2000E-03,+660.3970E-03,+449.0889E-03
-2.1900E-03,+709.3674E-03,+439.1894E-03
-2.1800E-03,+756.4021E-03,+430.7221E-03
-2.1700E-03,+809.6057E-03,+422.0035E-03
-2.1600E-03,+847.7088E-03,+412.2672E-03
-2.1500E-03,+897.0175E-03,+399.6540E-03
-2.1400E-03,+937.8974E-03,+384.6916E-03
-2.1300E-03,+982.6580E-03,+368.2972E-03
-2.1200E-03,+1.0226963E+00,+355.0562E-03
-2.1100E-03,+1.0679974E+00,+345.2824E-03
-2.1000E-03,+1.1150455E+00,+336.6517E-03
-2.0900E-03,+1.1571431E+00,+324.8802E-03
-2.0800E-03,+1.2017035E+00,+307.2293E-03
-2.0700E-03,+1.2345927E+00,+287.9328E-03
-2.0600E-03,+1.2733242E+00,+271.7144E-03
-2.0500E-03,+1.3089520E+00,+260.5210E-03
-2.0400E-03,+1.3462013E+00,+248.3224E-03
-2.0300E-03,+1.3826202E+00,+229.4528E-03
-2.0200E-03,+1.4141406E+00,+208.5232E-03
-2.0100E-03,+1.4502333E+00,+192.1918E-03
-2.0000E-03,+1.4722683E+00,+181.4382E-03
-1.9900E-03,+1.5012260E+00,+171.5260E-03
-1.9800E-03,+1.5360248E+00,+155.5081E-03
-1.9700E-03,+1.5625448E+00,+134.6916E-03
-1.9600E-03,+1.5941531E+00,+114.1890E-03
-1.9500E-03,+1.6232733E+00,+95.6338E-03
-1.9400E-03,+1.6446050E+00,+74.1262E-03
-1.9300E-03,+1.6706352E+00,+50.9477E-03
-1.9200E-03,+1.6933988E+00,+30.9731E-03
-1.9100E-03,+1.7106976E+00,+15.2068E-03
-1.9000E-03,+1.7277330E+00,-3.6125E-03
-1.8900E-03,+1.7481225E+00,-26.0246E-03
-1.8800E-03,+1.7681852E+00,-45.9867E-03
-1.8700E-03,+1.7829213E+00,-61.0369E-03
-1.8600E-03,+1.7935116E+00,-77.1677E-03
-1.8500E-03,+1.8040518E+00,-100.0323E-03
-1.8400E-03,+1.8158483E+00,-122.4566E-03
-1.8300E-03,+1.8271926E+00,-137.6826E-03
-1.8200E-03,+1.8369287E+00,-151.7280E-03
-1.8100E-03,+1.8453205E+00,-173.5121E-03
-1.8000E-03,+1.8497801E+00,-198.6502E-03
-1.7900E-03,+1.8533479E+00,-217.0168E-03
-1.7800E-03,+1.8566897E+00,-232.2556E-03
-1.7700E-03,+1.8564762E+00,-253.2484E-03
-1.7600E-03,+1.8566394E+00,-277.5948E-03
-1.7500E-03,+1.8529208E+00,-295.9490E-03
-1.7400E-03,+1.8489886E+00,-311.8913E-03
-1.7300E-03,+1.8440010E+00,-332.7835E-03
-1.7200E-03,+1.8357598E+00,-356.3638E-03
-1.7100E-03,+1.8256341E+00,-373.7127E-03
-1.7000E-03,+1.8141014E+00,-385.5218E-03
-1.6900E-03,+1.8031843E+00,-400.4341E-03
-1.6800E-03,+1.7922924E+00,-422.9092E-03
-1.6700E-03,+1.7814758E+00,-444.1275E-03
-1.6600E-03,+1.7662116E+00,-459.6298E-03
-1.6500E-03,+1.7463875E+00,-472.8962E-03
-1.6400E-03,+1.7258474E+00,-490.6225E-03
-1.6300E-03,+1.7093776E+00,-512.1426E-03
-1.6200E-03,+1.6918900E+00,-530.2329E-03
-1.6100E-03,+1.6681839E+00,-543.0720E-03
-1.6000E-03,+1.6422417E+00,-556.5646E-03
-1.5900E-03,+1.6208849E+00,-575.4843E-03
-1.5800E-03,+1.5908092E+00,-596.5772E-03
-1.5700E-03,+1.5594527E+00,-613.9264E-03
-1.5600E-03,+1.5328696E+00,-627.4816E-03
-1.5500E-03,+1.4970779E+00,-642.4315E-03
-1.5400E-03,+1.4706212E+00,-658.6877E-03
-1.5300E-03,+1.4468518E+00,-675.2581E-03
-1.5200E-03,+1.4099925E+00,-689.2278E-03
-1.5100E-03,+1.3801937E+00,-698.8884E-03
-1.5000E-03,+1.3419269E+00,-706.1246E-03
-1.4900E-03,+1.3054450E+00,-714.5166E-03
-1.4800E-03,+1.2693264E+00,-725.5343E-03
-1.4700E-03,+1.2321787E+00,-738.3861E-03
-1.4600E-03,+1.1982962E+00,-751.8534E-03
-1.4500E-03,+1.1546784E+00,-763.5996E-03
-1.4400E-03,+1.1127810E+00,-773.1096E-03
-1.4300E-03,+1.0673417E+00,-780.4084E-03
-1.4200E-03,+1.0212733E+00,-786.8029E-03
-1.4100E-03,+982.6309E-03,-794.0392E-03
-1.4000E-03,+937.7809E-03,-801.3508E-03
-1.3900E-03,+897.5426E-03,-810.2201E-03
-1.3800E-03,+848.2208E-03,-818.4236E-03
-1.3700E-03,+810.1179E-03,-827.1548E-03
-1.3600E-03,+757.7056E-03,-834.6046E-03
-1.3500E-03,+710.0797E-03,-840.7352E-03
-1.3400E-03,+660.5827E-03,-846.4386E-03
-1.3300E-03,+608.4718E-03,-850.5466E-03
-1.3200E-03,+569.4519E-03,-854.1647E-03
-1.3100E-03,+515.8336E-03,-856.5515E-03
-1.3000E-03,+465.3559E-03,-858.6370E-03
-1.2900E-03,+417.8693E-03,-860.3329E-03
-1.2800E-03,+364.9793E-03,-861.2626E-03
-1.2700E-03,+316.2731E-03,-862.1168E-03
-1.2600E-03,+261.0727E-03,-862.8958E-03
-1.2500E-03,+206.2482E-03,-863.1595E-03
-1.2400E-03,+161.1478E-03,-863.1595E-03
-1.2300E-03,+104.2258E-03,-862.7450E-03
-1.2200E-03,+47.6677E-03,-861.9033E-03
-1.2100E-03,+984.2E-06,-861.1620E-03
-1.2000E-03,-53.0479E-03,-860.2700E-03
-1.1900E-03,-104.6818E-03,-858.7373E-03
-1.1800E-03,-151.7289E-03,-856.3253E-03
-1.1700E-03,-207.6840E-03,-854.0011E-03
-1.1600E-03,-256.2774E-03,-850.5212E-03
-1.1500E-03,-305.8746E-03,-846.4509E-03
-1.1400E-03,-358.2491E-03,-841.1116E-03
-1.1300E-03,-401.7420E-03,-834.1392E-03
-1.1200E-03,-456.7416E-03,-826.9030E-03
-1.1100E-03,-508.9657E-03,-818.4607E-03
-1.1000E-03,-559.7066E-03,-809.5160E-03
-1.0900E-03,-614.2665E-03,-801.4005E-03
-1.0800E-03,-660.4103E-03,-794.1643E-03
-1.0700E-03,-707.8345E-03,-786.9659E-03
-1.0600E-03,-758.3248E-03,-780.3326E-03
-1.0500E-03,-802.7342E-03,-773.3352E-03
-1.0400E-03,-854.9198E-03,-763.2471E-03
-1.0300E-03,-898.0485E-03,-751.4129E-03
-1.0200E-03,-943.8643E-03,-738.3222E-03
-1.0100E-03,-986.8171E-03,-725.0938E-03
-1.0000E-03,-1.0274196E+00,-714.2899E-03
-990.0E-06,-1.0723197E+00,-705.7975E-03
-980.0E-06,-1.1121306E+00,-698.6617E-03
-970.0E-06,-1.1576838E+00,-688.9506E-03
-960.0E-06,-1.1911632E+00,-675.3576E-03
-950.0E-06,-1.2322566E+00,-658.8248E-03
-940.0E-06,-1.2705477E+00,-642.2168E-03
-930.0E-06,-1.3132869E+00,-627.6692E-03
-920.0E-06,-1.3495677E+00,-613.7244E-03
-910.0E-06,-1.3886511E+00,-596.2116E-03
-900.0E-06,-1.4240901E+00,-575.1561E-03
-890.0E-06,-1.4516283E+00,-556.4378E-03
-880.0E-06,-1.4881103E+00,-542.8953E-03
-870.0E-06,-1.5130976E+00,-529.9429E-03
-860.0E-06,-1.5444047E+00,-512.0533E-03
-850.0E-06,-1.5788014E+00,-490.4830E-03
-840.0E-06,-1.6076080E+00,-472.5058E-03
-830.0E-06,-1.6407487E+00,-459.5535E-03
-820.0E-06,-1.6662130E+00,-444.1764E-03
-810.0E-06,-1.6879720E+00,-421.8395E-03
-800.0E-06,-1.7160502E+00,-400.0306E-03
-790.0E-06,-1.7389768E+00,-385.2194E-03
-780.0E-06,-1.7547179E+00,-373.2722E-03
-770.0E-06,-1.7733738E+00,-355.6964E-03
-760.0E-06,-1.7961754E+00,-332.6310E-03
-750.0E-06,-1.8144792E+00,-311.6514E-03
-740.0E-06,-1.8287379E+00,-295.9228E-03
-730.0E-06,-1.8412254E+00,-277.2417E-03
-720.0E-06,-1.8547555E+00,-253.4225E-03
-710.0E-06,-1.8693410E+00,-232.3800E-03
-700.0E-06,-1.8819413E+00,-216.9278E-03
-690.0E-06,-1.8914889E+00,-199.2641E-03
-680.0E-06,-1.8981472E+00,-173.9375E-03
-670.0E-06,-1.9028332E+00,-151.9906E-03
-660.0E-06,-1.9064009E+00,-137.9204E-03
-650.0E-06,-1.9086999E+00,-122.7694E-03
-640.0E-06,-1.9105087E+00,-100.4200E-03
-630.0E-06,-1.9105590E+00,-78.2091E-03
-620.0E-06,-1.9099811E+00,-61.9028E-03
-610.0E-06,-1.9071294E+00,-47.0031E-03
-600.0E-06,-1.9043654E+00,-27.1663E-03
-590.0E-06,-1.8993528E+00,-4.3773E-03
-580.0E-06,-1.8927824E+00,+14.2405E-03
-570.0E-06,-1.8839004E+00,+30.2330E-03
-560.0E-06,-1.8714756E+00,+49.6302E-03
-550.0E-06,-1.8573800E+00,+73.7132E-03
-540.0E-06,-1.8433600E+00,+94.8311E-03
-530.0E-06,-1.8307218E+00,+112.7081E-03
-520.0E-06,-1.8171539E+00,+133.5122E-03
-510.0E-06,-1.7994401E+00,+154.9191E-03
-500.0E-06,-1.7764753E+00,+170.7606E-03
-490.0E-06,-1.7576564E+00,+181.3509E-03
-480.0E-06,-1.7420785E+00,+190.8987E-03
-470.0E-06,-1.7204324E+00,+207.1427E-03
-460.0E-06,-1.6922163E+00,+228.0724E-03
-450.0E-06,-1.6695029E+00,+246.8284E-03
-440.0E-06,-1.6461105E+00,+259.7554E-03
-430.0E-06,-1.6132337E+00,+270.9238E-03
-420.0E-06,-1.5837740E+00,+286.5899E-03
-410.0E-06,-1.5510350E+00,+306.2507E-03
-400.0E-06,-1.5180580E+00,+323.9641E-03
-390.0E-06,-1.4939625E+00,+336.2504E-03
-380.0E-06,-1.4590877E+00,+344.6172E-03
-370.0E-06,-1.4286737E+00,+354.2655E-03
-360.0E-06,-1.3964997E+00,+367.4063E-03
-350.0E-06,-1.3551808E+00,+383.3235E-03
-340.0E-06,-1.3201805E+00,+398.8260E-03
-330.0E-06,-1.2760350E+00,+411.1876E-03
-320.0E-06,-1.2399040E+00,+421.0619E-03
-310.0E-06,-1.1967762E+00,+429.7805E-03
-300.0E-06,-1.1651053E+00,+438.4740E-03
-290.0E-06,-1.1194017E+00,+448.1222E-03
-280.0E-06,-1.0810472E+00,+458.7127E-03
-270.0E-06,-1.0339245E+00,+468.9891E-03
-260.0E-06,-996.4616E-03,+478.5870E-03
-250.0E-06,-950.7838E-03,+486.7151E-03
-240.0E-06,-908.9239E-03,+493.6372E-03
-230.0E-06,-863.0325E-03,+499.1899E-03
-220.0E-06,-814.4889E-03,+503.6999E-03
-210.0E-06,-769.6653E-03,+507.6697E-03
-200.0E-06,-718.5598E-03,+511.7778E-03
-190.0E-06,-675.6572E-03,+515.6597E-03
-180.0E-06,-625.1177E-03,+520.1698E-03
-170.0E-06,-575.1547E-03,+523.9638E-03
-160.0E-06,-524.8408E-03,+527.1295E-03
-150.0E-06,-469.5648E-03,+530.4336E-03
-140.0E-06,-418.7476E-03,+532.9586E-03
-130.0E-06,-372.6176E-03,+534.7928E-03
-120.0E-06,-318.7228E-03,+535.4208E-03
-110.0E-06,-273.8986E-03,+536.3379E-03
-100.0E-06,-220.6328E-03,+536.3379E-03
-90.0E-06,-166.9638E-03,+535.5716E-03
-80.0E-06,-121.4489E-03,+533.5113E-03
-70.0E-06,-65.0423E-03,+531.7900E-03
-60.0E-06,-15.5063E-03,+528.5112E-03
-50.0E-06,+32.1312E-03,+524.9056E-03
-40.0E-06,+89.1541E-03,+521.1745E-03
-30.0E-06,+143.7399E-03,+517.3554E-03
-20.0E-06,+192.0559E-03,+513.3227E-03
-10.0E-06,+247.8348E-03,+508.8629E-03
-0.0E+00,+298.5893E-03,+504.9307E-03
+10.0E-06,+350.5356E-03,+500.1568E-03
+20.0E-06,+405.5485E-03,+495.2825E-03
+30.0E-06,+449.0035E-03,+489.1894E-03
+40.0E-06,+502.7216E-03,+481.8401E-03
+50.0E-06,+556.1263E-03,+472.1416E-03
+60.0E-06,+594.9202E-03,+462.4053E-03
+70.0E-06,+648.4505E-03,+451.5260E-03
+80.0E-06,+694.9834E-03,+441.7899E-03
+90.0E-06,+745.3471E-03,+432.4054E-03
+100.0E-06,+796.0763E-03,+424.0889E-03
+110.0E-06,+835.8497E-03,+415.0561E-03
+120.0E-06,+885.2593E-03,+403.1841E-03
+130.0E-06,+924.6185E-03,+388.7368E-03
+140.0E-06,+973.0859E-03,+372.4303E-03
+150.0E-06,+1.0095810E+00,+358.2596E-03
+160.0E-06,+1.0580355E+00,+347.5562E-03
+170.0E-06,+1.1016792E+00,+339.0260E-03
+180.0E-06,+1.1468043E+00,+328.3223E-03
+190.0E-06,+1.1900459E+00,+312.2794E-03
+200.0E-06,+1.2269799E+00,+292.1160E-03
+210.0E-06,+1.2623949E+00,+275.9605E-03
+220.0E-06,+1.3006231E+00,+263.4731E-03
+230.0E-06,+1.3351963E+00,+252.2545E-03
+240.0E-06,+1.3751205E+00,+235.4953E-03
+250.0E-06,+1.4038018E+00,+213.7868E-03
+260.0E-06,+1.4405606E+00,+195.5459E-03
+270.0E-06,+1.4674065E+00,+184.0260E-03
+280.0E-06,+1.4920806E+00,+174.3149E-03
+290.0E-06,+1.5276583E+00,+160.0684E-03
+300.0E-06,+1.5556229E+00,+139.8547E-03
+310.0E-06,+1.5859623E+00,+119.0507E-03
+320.0E-06,+1.6161883E+00,+100.3824E-03
+330.0E-06,+1.6389394E+00,+80.0933E-03
+340.0E-06,+1.6634999E+00,+56.6509E-03
+350.0E-06,+1.6885374E+00,+35.5834E-03
+360.0E-06,+1.7068410E+00,+18.9503E-03
+370.0E-06,+1.7226452E+00,+1.9652E-03
+380.0E-06,+1.7428840E+00,-20.3464E-03
+390.0E-06,+1.7630724E+00,-41.9920E-03
+400.0E-06,+1.7793033E+00,-57.5696E-03
+410.0E-06,+1.7907604E+00,-72.8337E-03
+420.0E-06,+1.8008108E+00,-93.8766E-03
+430.0E-06,+1.8123936E+00,-117.8085E-03
+440.0E-06,+1.8239012E+00,-134.0521E-03
+450.0E-06,+1.8350193E+00,-147.5195E-03
+460.0E-06,+1.8434238E+00,-167.2059E-03
+470.0E-06,+1.8491395E+00,-192.6455E-03
+480.0E-06,+1.8535490E+00,-213.1854E-03
+490.0E-06,+1.8566897E+00,-227.8210E-03
+500.0E-06,+1.8570037E+00,-246.9545E-03
+510.0E-06,+1.8566897E+00,-271.4394E-03
+520.0E-06,+1.8536367E+00,-292.3437E-03
+530.0E-06,+1.8508351E+00,-308.1225E-03
+540.0E-06,+1.8455588E+00,-326.8790E-03
+550.0E-06,+1.8382848E+00,-350.7861E-03
+560.0E-06,+1.8286113E+00,-369.9064E-03
+570.0E-06,+1.8175308E+00,-382.5696E-03
+580.0E-06,+1.8062872E+00,-395.5346E-03
+590.0E-06,+1.7951189E+00,-416.1631E-03
+600.0E-06,+1.7846414E+00,-439.1026E-03
+610.0E-06,+1.7712242E+00,-456.0873E-03
+620.0E-06,+1.7525681E+00,-468.9893E-03
+630.0E-06,+1.7315129E+00,-485.2458E-03
+640.0E-06,+1.7138247E+00,-506.8289E-03
+650.0E-06,+1.6967642E+00,-526.6025E-03
+660.0E-06,+1.6749423E+00,-540.2455E-03
+670.0E-06,+1.6484977E+00,-552.6576E-03
+680.0E-06,+1.6264627E+00,-570.1453E-03
+690.0E-06,+1.5997914E+00,-591.5901E-03
+700.0E-06,+1.5672411E+00,-609.5170E-03
+710.0E-06,+1.5405076E+00,-624.3662E-03
+720.0E-06,+1.5068514E+00,-638.5369E-03
+730.0E-06,+1.4760103E+00,-654.6677E-03
+740.0E-06,+1.4551433E+00,-671.8159E-03
+750.0E-06,+1.4195023E+00,-685.7104E-03
+760.0E-06,+1.3873167E+00,-696.4011E-03
+770.0E-06,+1.3544517E+00,-704.2654E-03
+780.0E-06,+1.3141255E+00,-712.2931E-03
+790.0E-06,+1.2806954E+00,-722.4440E-03
+800.0E-06,+1.2402938E+00,-734.9565E-03
+810.0E-06,+1.2092885E+00,-748.3485E-03
+820.0E-06,+1.1646525E+00,-760.3962E-03
+830.0E-06,+1.1252431E+00,-770.7479E-03
+840.0E-06,+1.0779568E+00,-778.9261E-03
+850.0E-06,+1.0355191E+00,-785.5844E-03
+860.0E-06,+990.7210E-03,-792.0041E-03
+870.0E-06,+951.6874E-03,-799.5795E-03
+880.0E-06,+906.4118E-03,-808.0217E-03
+890.0E-06,+861.8884E-03,-816.0745E-03
+900.0E-06,+820.3189E-03,-824.9061E-03
+910.0E-06,+770.8331E-03,-832.7202E-03
+920.0E-06,+725.0794E-03,-839.5921E-03
+930.0E-06,+672.2280E-03,-845.0567E-03
+940.0E-06,+623.2953E-03,-849.6045E-03
+950.0E-06,+579.1757E-03,-853.4864E-03
+960.0E-06,+530.3430E-03,-856.0240E-03
+970.0E-06,+481.3481E-03,-858.2852E-03
+980.0E-06,+427.4796E-03,-860.1194E-03
+990.0E-06,+380.2423E-03,-861.0113E-03
+1.0000E-03,+331.2477E-03,-861.5893E-03
+1.0100E-03,+273.1070E-03,-862.8455E-03
+1.0200E-03,+222.4658E-03,-863.1595E-03
+1.0300E-03,+173.3713E-03,-863.1595E-03
+1.0400E-03,+116.9010E-03,-863.0464E-03
+1.0500E-03,+63.9106E-03,-862.4685E-03
+1.0600E-03,+14.1877E-03,-861.2751E-03
+1.0700E-03,-40.9130E-03,-860.6846E-03
+1.0800E-03,-87.6721E-03,-859.4786E-03
+1.0900E-03,-140.5984E-03,-857.2925E-03
+1.1000E-03,-192.6847E-03,-855.0564E-03
+1.1100E-03,-240.4485E-03,-851.6267E-03
+1.1200E-03,-294.8950E-03,-848.0086E-03
+1.1300E-03,-343.0868E-03,-842.3174E-03
+1.1400E-03,-388.7768E-03,-836.8402E-03
+1.1500E-03,-443.8780E-03,-829.6793E-03
+1.1600E-03,-492.8733E-03,-821.0486E-03
+1.1700E-03,-546.5536E-03,-812.2923E-03
+1.1800E-03,-602.0309E-03,-804.1642E-03
+1.1900E-03,-645.3475E-03,-796.0110E-03
+1.2000E-03,-697.7091E-03,-789.0387E-03
+1.2100E-03,-743.9535E-03,-782.3804E-03
+1.2200E-03,-790.0710E-03,-775.2572E-03
+1.2300E-03,-842.8978E-03,-766.5636E-03
+1.2400E-03,-884.1166E-03,-755.5082E-03
+1.2500E-03,-934.1410E-03,-742.5558E-03
+1.2600E-03,-974.0033E-03,-728.9253E-03
+1.2700E-03,-1.0182239E+00,-717.3927E-03
+1.2800E-03,-1.0579985E+00,-708.2722E-03
+1.2900E-03,-1.1027340E+00,-700.6468E-03
+1.3000E-03,-1.1449457E+00,-692.3676E-03
+1.3100E-03,-1.1835000E+00,-679.9051E-03
+1.3200E-03,-1.2191415E+00,-663.9377E-03
+1.3300E-03,-1.2613646E+00,-646.6009E-03
+1.3400E-03,-1.2998073E+00,-631.6388E-03
+1.3500E-03,-1.3412389E+00,-617.8071E-03
+1.3600E-03,-1.3767921E+00,-601.3497E-03
+1.3700E-03,-1.4165277E+00,-581.0104E-03
+1.3800E-03,-1.4423818E+00,-561.0859E-03
+1.3900E-03,-1.4803219E+00,-546.0736E-03
+1.4000E-03,-1.5065023E+00,-534.0133E-03
+1.4100E-03,-1.5342165E+00,-517.9828E-03
+1.4200E-03,-1.5703593E+00,-496.7139E-03
+1.4300E-03,-1.5984751E+00,-477.2291E-03
+1.4400E-03,-1.6313895E+00,-463.4731E-03
+1.4500E-03,-1.6600199E+00,-449.4653E-03
+1.4600E-03,-1.6813641E+00,-429.0630E-03
+1.4700E-03,-1.7077210E+00,-405.6711E-03
+1.4800E-03,-1.7335876E+00,-388.4353E-03
+1.4900E-03,-1.7501703E+00,-377.0534E-03
+1.5000E-03,-1.7679971E+00,-361.5882E-03
+1.5100E-03,-1.7902335E+00,-338.7238E-03
+1.5200E-03,-1.8099317E+00,-316.7139E-03
+1.5300E-03,-1.8255345E+00,-300.4201E-03
+1.5400E-03,-1.8373938E+00,-283.3470E-03
+1.5500E-03,-1.8510999E+00,-260.2062E-03
+1.5600E-03,-1.8655221E+00,-237.3295E-03
+1.5700E-03,-1.8784867E+00,-220.9856E-03
+1.5800E-03,-1.8891524E+00,-204.7039E-03
+1.5900E-03,-1.8965644E+00,-181.3870E-03
+1.6000E-03,-1.9018532E+00,-157.3169E-03
+1.6100E-03,-1.9055467E+00,-141.5383E-03
+1.6200E-03,-1.9074938E+00,-127.8572E-03
+1.6300E-03,-1.9105591E+00,-106.7765E-03
+1.6400E-03,-1.9105088E+00,-83.8117E-03
+1.6500E-03,-1.9102701E+00,-65.9226E-03
+1.6600E-03,-1.9073052E+00,-51.6890E-03
+1.6700E-03,-1.9049309E+00,-33.0580E-03
+1.6800E-03,-1.9009356E+00,-10.4073E-03
+1.6900E-03,-1.8952322E+00,+9.7684E-03
+1.7000E-03,-1.8865887E+00,+25.7859E-03
+1.7100E-03,-1.8754831E+00,+44.1530E-03
+1.7200E-03,-1.8618147E+00,+66.6783E-03
+1.7300E-03,-1.8472921E+00,+89.4544E-03
+1.7400E-03,-1.8340760E+00,+107.8087E-03
+1.7500E-03,-1.8213875E+00,+128.0475E-03
+1.7600E-03,-1.8049174E+00,+149.4922E-03
+1.7700E-03,-1.7834097E+00,+167.3562E-03
+1.7800E-03,-1.7625556E+00,+178.8132E-03
+1.7900E-03,-1.7460232E+00,+187.9089E-03
+1.8000E-03,-1.7277941E+00,+202.2308E-03
+1.8100E-03,-1.6998668E+00,+222.4947E-03
+1.8200E-03,-1.6753571E+00,+242.4318E-03
+1.8300E-03,-1.6532338E+00,+256.7908E-03
+1.8400E-03,-1.6228187E+00,+267.8209E-03
+1.8500E-03,-1.5912989E+00,+282.1302E-03
+1.8600E-03,-1.5608716E+00,+300.8113E-03
+1.8700E-03,-1.5255828E+00,+319.6175E-03
+1.8800E-03,-1.5005705E+00,+333.2229E-03
+1.8900E-03,-1.4706327E+00,+342.3434E-03
+1.9000E-03,-1.4353316E+00,+351.4766E-03
+1.9100E-03,-1.4070648E+00,+363.6879E-03
+1.9200E-03,-1.3654567E+00,+378.8764E-03
+1.9300E-03,-1.3311728E+00,+395.1074E-03
+1.9400E-03,-1.2870016E+00,+408.6878E-03
+1.9500E-03,-1.2517256E+00,+418.7504E-03
+1.9600E-03,-1.2070519E+00,+427.3056E-03
+1.9700E-03,-1.1752057E+00,+436.1122E-03
+1.9800E-03,-1.1308080E+00,+445.2204E-03
+1.9900E-03,-1.0928183E+00,+456.0746E-03
+2.0000E-03,-1.0450043E+00,+466.6147E-03
+2.0100E-03,-1.0083963E+00,+476.2630E-03
+2.0200E-03,-962.3534E-03,+484.7554E-03
+2.0300E-03,-922.4286E-03,+492.0794E-03
+2.0400E-03,-872.8437E-03,+497.6448E-03
+2.0500E-03,-830.1167E-03,+502.2929E-03
+2.0600E-03,-780.7707E-03,+506.5517E-03
+2.0700E-03,-731.6871E-03,+510.7853E-03
+2.0800E-03,-689.5017E-03,+514.8054E-03
+2.0900E-03,-636.8006E-03,+518.6497E-03
+2.1000E-03,-591.7998E-03,+522.7075E-03
+2.1100E-03,-539.1622E-03,+526.5140E-03
+2.1200E-03,-483.3078E-03,+529.8180E-03
+2.1300E-03,-435.5565E-03,+531.8908E-03
+2.1400E-03,-383.1577E-03,+533.9888E-03
+2.1500E-03,-333.8225E-03,+535.4587E-03
+2.1600E-03,-288.0442E-03,+536.4762E-03
+2.1700E-03,-232.3910E-03,+536.0239E-03
+2.1800E-03,-183.4329E-03,+535.6721E-03
+2.1900E-03,-134.9040E-03,+534.1520E-03
+2.2000E-03,-78.5461E-03,+531.4383E-03
+2.2100E-03,-32.1896E-03,+529.0263E-03
+2.2200E-03,+20.5861E-03,+525.8477E-03
+2.2300E-03,+74.6699E-03,+522.3177E-03
+2.2400E-03,+126.7931E-03,+518.5488E-03
+2.2500E-03,+180.4982E-03,+514.3528E-03
+2.2600E-03,+232.9991E-03,+510.1568E-03
+2.2700E-03,+281.8052E-03,+506.1744E-03
+2.2800E-03,+338.7146E-03,+501.7648E-03
+2.2900E-03,+390.8132E-03,+496.9407E-03
+2.3000E-03,+434.5815E-03,+491.1744E-03
+2.3100E-03,+490.3478E-03,+484.1013E-03
+2.3200E-03,+539.8709E-03,+475.0812E-03
+2.3300E-03,+585.3848E-03,+464.7544E-03
+2.3400E-03,+633.9790E-03,+454.2143E-03
+2.3500E-03,+680.7500E-03,+444.0637E-03
+2.3600E-03,+733.7018E-03,+434.9179E-03
+2.3700E-03,+780.6373E-03,+425.9481E-03
+2.3800E-03,+826.1762E-03,+417.7948E-03
+2.3900E-03,+871.9812E-03,+407.0660E-03
+2.4000E-03,+913.0356E-03,+392.9954E-03
+2.4100E-03,+961.3653E-03,+376.7015E-03
+2.4200E-03,+997.3826E-03,+362.2292E-03
+2.4300E-03,+1.0462145E+00,+350.1441E-03
+2.4400E-03,+1.0876844E+00,+341.3878E-03
+2.4500E-03,+1.1359003E+00,+331.8148E-03
+2.4600E-03,+1.1766922E+00,+317.1286E-03
+2.4700E-03,+1.2183370E+00,+297.9073E-03
+2.4800E-03,+1.2509253E+00,+279.5909E-03
+2.4900E-03,+1.2918296E+00,+266.4128E-03
+2.5000E-03,+1.3237142E+00,+255.2443E-03
+2.5100E-03,+1.3659757E+00,+240.0304E-03
+2.5200E-03,+1.3948946E+00,+219.5781E-03
+2.5300E-03,+1.4306992E+00,+199.7291E-03
+2.5400E-03,+1.4622560E+00,+186.3877E-03
+2.5500E-03,+1.4834499E+00,+177.1666E-03
+2.5600E-03,+1.5184879E+00,+164.9427E-03
+2.5700E-03,+1.5483870E+00,+145.9600E-03
+2.5800E-03,+1.5763647E+00,+124.5153E-03
+2.5900E-03,+1.6082237E+00,+105.3069E-03
+2.6000E-03,+1.6328214E+00,+86.2112E-03
+2.6100E-03,+1.6557739E+00,+63.3342E-03
+2.6200E-03,+1.6822562E+00,+40.6964E-03
+2.6300E-03,+1.7026832E+00,+23.1588E-03
+2.6400E-03,+1.7177584E+00,+7.0029E-03
+2.6500E-03,+1.7372812E+00,-14.0401E-03
+2.6600E-03,+1.7577711E+00,-36.1883E-03
+2.6700E-03,+1.7755473E+00,-53.8260E-03
+2.6800E-03,+1.7876576E+00,-68.1478E-03
+2.6900E-03,+1.7978585E+00,-87.7964E-03
+2.7000E-03,+1.8088258E+00,-111.2763E-03
+2.7100E-03,+1.8208108E+00,-130.2206E-03
+2.7200E-03,+1.8321549E+00,-143.5497E-03
+2.7300E-03,+1.8410744E+00,-161.0251E-03
+2.7400E-03,+1.8478835E+00,-185.6107E-03
+2.7500E-03,+1.8526069E+00,-208.3238E-03
+2.7600E-03,+1.8553460E+00,-223.7382E-03
+2.7700E-03,+1.8564888E+00,-241.0627E-03
+2.7800E-03,+1.8562249E+00,-264.3542E-03
+2.7900E-03,+1.8550687E+00,-286.7661E-03
+2.8000E-03,+1.8522924E+00,-303.3613E-03
+2.8100E-03,+1.8471918E+00,-320.9747E-03
+2.8200E-03,+1.8405838E+00,-344.1533E-03
+2.8300E-03,+1.8312370E+00,-365.5223E-03
+2.8400E-03,+1.8204203E+00,-379.5043E-03
+2.8500E-03,+1.8088247E+00,-391.4895E-03
+2.8600E-03,+1.7976691E+00,-409.8190E-03
+2.8700E-03,+1.7873675E+00,-433.6254E-03
+2.8800E-03,+1.7749930E+00,-452.3438E-03
+2.8900E-03,+1.7576310E+00,-465.4968E-03
+2.9000E-03,+1.7364624E+00,-480.3087E-03
+2.9100E-03,+1.7175054E+00,-501.0124E-03
+2.9200E-03,+1.7015632E+00,-521.5147E-03
+2.9300E-03,+1.6819019E+00,-536.6653E-03
+2.9400E-03,+1.6556456E+00,-548.6501E-03
+2.9500E-03,+1.6321912E+00,-564.7309E-03
+2.9600E-03,+1.6077433E+00,-585.8869E-03
+2.9700E-03,+1.5757709E+00,-605.2207E-03
+2.9800E-03,+1.5476305E+00,-620.7607E-03
+2.9900E-03,+1.5174037E+00,-633.8638E-03
+3.0000E-03,+1.4826306E+00,-649.9066E-03
+3.0100E-03,+1.4617641E+00,-667.1051E-03
+3.0200E-03,+1.4292001E+00,-682.6201E-03
+3.0300E-03,+1.3946906E+00,-694.2404E-03
+3.0400E-03,+1.3649164E+00,-702.4061E-03
+3.0500E-03,+1.3228940E+00,-710.0193E-03
+3.0600E-03,+1.2912857E+00,-719.7304E-03
+3.0700E-03,+1.2504440E+00,-731.2631E-03
+3.0800E-03,+1.2188112E+00,-744.7306E-03
+3.0900E-03,+1.1772652E+00,-757.6450E-03
+3.1000E-03,+1.1369012E+00,-768.2479E-03
+3.1100E-03,+1.0902425E+00,-776.6901E-03
+3.1200E-03,+1.0491747E+00,-783.8005E-03
+3.1300E-03,+999.8157E-03,-790.4589E-03
+3.1400E-03,+964.9286E-03,-797.3810E-03
+3.1500E-03,+916.1097E-03,-805.5594E-03
+3.1600E-03,+875.6946E-03,-813.7378E-03
+3.1700E-03,+829.7281E-03,-822.5443E-03
+3.1800E-03,+786.1339E-03,-830.7227E-03
+3.1900E-03,+737.7804E-03,-837.9714E-03
+3.2000E-03,+684.6390E-03,-843.9388E-03
+3.2100E-03,+638.1567E-03,-848.6874E-03
+3.2200E-03,+588.4845E-03,-852.6195E-03
+3.2300E-03,+545.8574E-03,-855.2954E-03
+3.2400E-03,+495.3303E-03,-857.3431E-03
+3.2500E-03,+438.9738E-03,-859.7048E-03
+3.2600E-03,+397.0640E-03,-860.9109E-03
+3.2700E-03,+343.1321E-03,-861.4887E-03
+3.2800E-03,+288.2192E-03,-862.3807E-03
+3.2900E-03,+238.6214E-03,-862.9586E-03
+3.3000E-03,+184.3886E-03,-863.5365E-03
+3.3100E-03,+133.0684E-03,-863.1595E-03
+3.3200E-03,+80.4305E-03,-862.5690E-03
+3.3300E-03,+24.7402E-03,-861.5892E-03
+3.3400E-03,-26.8312E-03,-860.9610E-03
+3.3500E-03,-73.1498E-03,-859.8931E-03
+3.3600E-03,-130.4104E-03,-857.6695E-03
+3.3700E-03,-177.5220E-03,-855.2574E-03
+3.3800E-03,-227.5963E-03,-852.8453E-03
+3.3900E-03,-282.8986E-03,-848.6242E-03
+3.4000E-03,-327.7981E-03,-844.3150E-03
+3.4100E-03,-378.7520E-03,-838.1466E-03
+3.4200E-03,-428.7655E-03,-831.4505E-03
+3.4300E-03,-477.0570E-03,-823.5610E-03
+3.4400E-03,-534.1295E-03,-814.2770E-03
+3.4500E-03,-586.4668E-03,-806.0612E-03
+3.4600E-03,-632.9609E-03,-797.6817E-03
+3.4700E-03,-685.7752E-03,-790.7974E-03
+3.4800E-03,-729.2930E-03,-784.0385E-03
+3.4900E-03,-779.0788E-03,-777.1164E-03
+3.5000E-03,-828.9287E-03,-768.9379E-03
+3.5100E-03,-872.5962E-03,-758.1338E-03
+3.5200E-03,-922.3834E-03,-745.5458E-03
+3.5300E-03,-962.0061E-03,-732.1160E-03
+3.5400E-03,-1.0085386E+00,-719.8675E-03
+3.5500E-03,-1.0451972E+00,-710.3953E-03
+3.5600E-03,-1.0928097E+00,-702.6064E-03
+3.5700E-03,-1.1315539E+00,-694.7671E-03
+3.5800E-03,-1.1754854E+00,-683.5357E-03
+3.5900E-03,-1.2073954E+00,-668.3093E-03
+3.6000E-03,-1.2519806E+00,-650.9727E-03
+3.6100E-03,-1.2874333E+00,-635.4954E-03
+3.6200E-03,-1.3318801E+00,-621.6512E-03
+3.6300E-03,-1.3654983E+00,-605.9977E-03
+3.6400E-03,-1.4069932E+00,-586.5629E-03
+3.6500E-03,-1.4352715E+00,-565.8595E-03
+3.6600E-03,-1.4698956E+00,-549.4152E-03
+3.6700E-03,-1.5002840E+00,-537.2167E-03
+3.6800E-03,-1.5252592E+00,-522.9699E-03
+3.6900E-03,-1.5615912E+00,-502.5052E-03
+3.7000E-03,-1.5916158E+00,-481.6258E-03
+3.7100E-03,-1.6225584E+00,-466.6765E-03
+3.7200E-03,-1.6535503E+00,-453.5231E-03
+3.7300E-03,-1.6754848E+00,-435.1558E-03
+3.7400E-03,-1.7003721E+00,-411.6132E-03
+3.7500E-03,-1.7277965E+00,-392.9954E-03
+3.7600E-03,-1.7459870E+00,-379.9930E-03
+3.7700E-03,-1.7625072E+00,-366.4501E-03
+3.7800E-03,-1.7834999E+00,-345.4319E-03
+3.7900E-03,-1.8051831E+00,-322.1784E-03
+3.8000E-03,-1.8218287E+00,-304.2391E-03
+3.8100E-03,-1.8343913E+00,-288.2214E-03
+3.8200E-03,-1.8476703E+00,-266.5878E-03
+3.8300E-03,-1.8623312E+00,-242.4800E-03
+3.8400E-03,-1.8752455E+00,-224.7417E-03
+3.8500E-03,-1.8865268E+00,-209.7665E-03
+3.8600E-03,-1.8949438E+00,-187.8189E-03
+3.8700E-03,-1.9009487E+00,-162.9573E-03
+3.8800E-03,-1.9051948E+00,-144.8923E-03
+3.8900E-03,-1.9074434E+00,-131.8900E-03
+3.9000E-03,-1.9104586E+00,-113.3467E-03
+3.9100E-03,-1.9105841E+00,-89.6657E-03
+3.9200E-03,-1.9102701E+00,-69.6160E-03
+3.9300E-03,-1.9079961E+00,-54.9553E-03
+3.9400E-03,-1.9056090E+00,-38.5982E-03
+3.9500E-03,-1.9019784E+00,-16.3618E-03
+3.9600E-03,-1.8969279E+00,+5.0074E-03
+3.9700E-03,-1.8892771E+00,+21.3388E-03
+3.9800E-03,-1.8785984E+00,+38.4746E-03
+3.9900E-03,-1.8657467E+00,+60.5855E-03
+4.0000E-03,-1.8509100E+00,+83.7638E-03
+4.0100E-03,-1.8373296E+00,+103.3742E-03
+4.0200E-03,-1.8251060E+00,+122.5575E-03
+4.0300E-03,-1.8093646E+00,+144.0150E-03
+4.0400E-03,-1.7892888E+00,+163.4368E-03
+4.0500E-03,-1.7668018E+00,+176.0370E-03
+4.0600E-03,-1.7499426E+00,+185.3083E-03
+4.0700E-03,-1.7334223E+00,+197.2810E-03
+4.0800E-03,-1.7076051E+00,+216.3768E-03
+4.0900E-03,-1.6812864E+00,+237.1555E-03
+4.1000E-03,-1.6598920E+00,+253.3612E-03
+4.1100E-03,-1.6317003E+00,+264.7179E-03
+4.1200E-03,-1.5990499E+00,+277.5826E-03
+4.1300E-03,-1.5704693E+00,+295.6732E-03
+4.1400E-03,-1.5341499E+00,+314.7309E-03
+4.1500E-03,-1.5066883E+00,+330.1829E-03
+4.1600E-03,-1.4804819E+00,+340.4212E-03
+4.1700E-03,-1.4430197E+00,+348.9139E-03
+4.1800E-03,-1.4164365E+00,+359.9317E-03
+4.1900E-03,-1.3758831E+00,+374.4168E-03
+4.2000E-03,-1.3409216E+00,+390.4217E-03
+4.2100E-03,-1.2989861E+00,+405.0698E-03
+4.2200E-03,-1.2610974E+00,+416.3134E-03
+4.2300E-03,-1.2188355E+00,+425.0194E-03
+4.2400E-03,-1.1835599E+00,+433.3610E-03
+4.2500E-03,-1.1439356E+00,+442.4315E-03
+4.2600E-03,-1.1029440E+00,+453.2356E-03
+4.2700E-03,-1.0581189E+00,+464.0396E-03
+4.2800E-03,-1.0187606E+00,+473.5747E-03
+4.2900E-03,-974.5261E-03,+482.7957E-03
+4.3000E-03,-934.1999E-03,+490.2328E-03
+4.3100E-03,-884.6897E-03,+496.5015E-03
+4.3200E-03,-844.4510E-03,+501.3257E-03
+4.3300E-03,-791.5237E-03,+505.5216E-03
+4.3400E-03,-746.5357E-03,+509.7176E-03
+4.3500E-03,-700.2176E-03,+513.4738E-03
+4.3600E-03,-649.3250E-03,+518.1096E-03
+4.3700E-03,-605.5059E-03,+521.9663E-03
+4.3800E-03,-551.0587E-03,+525.8984E-03
+4.3900E-03,-498.2816E-03,+528.6496E-03
+4.4000E-03,-449.1494E-03,+531.6269E-03
+4.4100E-03,-394.1244E-03,+533.9636E-03
+4.4200E-03,-349.5130E-03,+535.7098E-03
+4.4300E-03,-299.3758E-03,+536.3757E-03
+4.4400E-03,-246.3219E-03,+536.6395E-03
+4.4500E-03,-198.8349E-03,+536.0239E-03
+4.4600E-03,-145.0667E-03,+534.4784E-03
+4.4700E-03,-94.4751E-03,+532.7448E-03
+4.4800E-03,-45.2674E-03,+530.0689E-03
+4.4900E-03,+9.2047E-03,+527.0789E-03
+4.5000E-03,+57.3844E-03,+523.7748E-03
+4.5100E-03,+112.4338E-03,+519.8929E-03
+4.5200E-03,+169.1549E-03,+515.6970E-03
+4.5300E-03,+217.2587E-03,+511.3376E-03
+4.5400E-03,+269.0794E-03,+507.1041E-03
+4.5500E-03,+326.1648E-03,+502.8578E-03
+4.5600E-03,+374.6078E-03,+498.2849E-03
+4.5700E-03,+423.7897E-03,+492.8703E-03
+4.5800E-03,+475.5875E-03,+485.7596E-03
+4.5900E-03,+524.6074E-03,+477.6314E-03
+4.6000E-03,+576.1013E-03,+467.6189E-03
+4.6100E-03,+617.8489E-03,+456.9027E-03
+4.6200E-03,+667.9235E-03,+446.9152E-03
+4.6300E-03,+720.4618E-03,+437.0031E-03
+4.6400E-03,+765.8259E-03,+428.9002E-03
+4.6500E-03,+817.0563E-03,+419.8801E-03
+4.6600E-03,+857.7481E-03,+410.0936E-03
+4.6700E-03,+903.4379E-03,+397.2289E-03
+4.6800E-03,+948.1375E-03,+381.3245E-03
+4.6900E-03,+988.5760E-03,+365.6461E-03
+4.7000E-03,+1.0331377E+00,+353.1715E-03
+4.7100E-03,+1.0759508E+00,+343.9756E-03
+4.7200E-03,+1.1240416E+00,+334.9053E-03
+4.7300E-03,+1.1645439E+00,+321.3497E-03
+4.7400E-03,+1.2095434E+00,+303.3342E-03
+4.7500E-03,+1.2407999E+00,+284.4525E-03
+4.7600E-03,+1.2814911E+00,+269.5157E-03
+4.7700E-03,+1.3139779E+00,+258.6614E-03
+4.7800E-03,+1.3547326E+00,+244.6410E-03
+4.7900E-03,+1.3876460E+00,+225.6835E-03
+4.8000E-03,+1.4210762E+00,+204.6786E-03
+4.8100E-03,+1.4558745E+00,+189.4906E-03
+4.8200E-03,+1.4763015E+00,+179.7797E-03
+4.8300E-03,+1.5084884E+00,+168.9878E-03
+4.8400E-03,+1.5416411E+00,+151.6132E-03
+4.8500E-03,+1.5679981E+00,+130.4949E-03
+4.8600E-03,+1.6004101E+00,+109.9550E-03
+4.8700E-03,+1.6275074E+00,+91.7889E-03
+4.8800E-03,+1.6486382E+00,+69.7663E-03
+4.8900E-03,+1.6756988E+00,+46.8015E-03
+4.9000E-03,+1.6974571E+00,+27.8570E-03
+4.9100E-03,+1.7137007E+00,+11.7892E-03
+4.9200E-03,+1.7316155E+00,-7.6458E-03
+4.9300E-03,+1.7524321E+00,-30.5728E-03
+4.9400E-03,+1.7711002E+00,-49.2409E-03
+4.9500E-03,+1.7844542E+00,-63.9771E-03
+4.9600E-03,+1.7952582E+00,-81.2890E-03
+4.9700E-03,+1.8059114E+00,-104.7063E-03
+4.9800E-03,+1.8177961E+00,-125.9747E-03
+4.9900E-03,+1.8289769E+00,-139.7306E-03
+5.0000E-03,+1.8384742E+00,-154.6181E-03
+5.0100E-03,+1.8459109E+00,-178.5382E-03
+5.0200E-03,+1.8508483E+00,-203.0603E-03
+5.0300E-03,+1.8538758E+00,-219.7056E-03
+5.0400E-03,+1.8572047E+00,-235.4596E-03
+5.0500E-03,+1.8566268E+00,-257.6334E-03
+5.0600E-03,+1.8566518E+00,-281.3893E-03
+5.0700E-03,+1.8531973E+00,-298.9519E-03
+5.0800E-03,+1.8492399E+00,-315.1329E-03
+5.0900E-03,+1.8428574E+00,-336.9800E-03
+5.1000E-03,+1.8342016E+00,-359.9573E-03
+5.1100E-03,+1.8234982E+00,-375.8487E-03
+5.1200E-03,+1.8121790E+00,-387.3313E-03
+5.1300E-03,+1.8010106E+00,-403.9019E-03
+5.1400E-03,+1.7904704E+00,-426.9801E-03
+5.1500E-03,+1.7791136E+00,-448.0222E-03
+5.1600E-03,+1.7633971E+00,-462.0423E-03
+5.1700E-03,+1.7424422E+00,-475.5726E-03
+5.1800E-03,+1.7220907E+00,-494.7688E-03
+5.1900E-03,+1.7064124E+00,-516.2011E-03
+5.2000E-03,+1.6885982E+00,-532.9468E-03
+5.2100E-03,+1.6633967E+00,-545.4467E-03
+5.2200E-03,+1.6378944E+00,-559.5298E-03
+5.2300E-03,+1.6155701E+00,-579.3794E-03
+5.2400E-03,+1.5843385E+00,-599.8316E-03
+5.2500E-03,+1.5548665E+00,-616.3012E-03
+5.2600E-03,+1.5269140E+00,-630.1955E-03
+5.2700E-03,+1.4909967E+00,-645.1454E-03
+5.2800E-03,+1.4673042E+00,-662.0928E-03
+5.2900E-03,+1.4402677E+00,-678.3866E-03
+5.3000E-03,+1.4032957E+00,-691.3009E-03
+5.3100E-03,+1.3745393E+00,-700.2328E-03
+5.3200E-03,+1.3335839E+00,-707.7831E-03
+5.3300E-03,+1.2997028E+00,-716.5018E-03
+5.3400E-03,+1.2613353E+00,-727.8841E-03
+5.3500E-03,+1.2266001E+00,-740.9869E-03
+5.3600E-03,+1.1894883E+00,-754.2280E-03
+5.3700E-03,+1.1473658E+00,-765.3712E-03
+5.3800E-03,+1.1030308E+00,-774.4163E-03
+5.3900E-03,+1.0600291E+00,-781.6776E-03
+5.4000E-03,+1.0120260E+00,-788.2226E-03
+5.4100E-03,+975.7956E-03,-795.3835E-03
+5.4200E-03,+928.1819E-03,-802.9340E-03
+5.4300E-03,+890.0032E-03,-811.2882E-03
+5.4400E-03,+839.5638E-03,-820.3336E-03
+5.4500E-03,+800.8449E-03,-828.2354E-03
+5.4600E-03,+749.1494E-03,-835.7856E-03
+5.4700E-03,+699.9525E-03,-842.0796E-03
+5.4800E-03,+652.1892E-03,-847.4437E-03
+5.4900E-03,+598.9610E-03,-851.3758E-03
+5.5000E-03,+561.1460E-03,-854.0518E-03
+5.5100E-03,+506.8376E-03,-856.7778E-03
+5.5200E-03,+453.9346E-03,-858.9762E-03
+5.5300E-03,+410.3176E-03,-860.6470E-03
+5.5400E-03,+355.0161E-03,-861.5892E-03
+5.5500E-03,+304.7386E-03,-862.5314E-03
+5.5600E-03,+253.1312E-03,-862.5567E-03
+5.5700E-03,+196.9125E-03,-863.4736E-03
+5.5800E-03,+149.6762E-03,-863.4736E-03
+5.5900E-03,+94.6642E-03,-862.8076E-03
+5.6000E-03,+37.6539E-03,-861.9033E-03
+5.6100E-03,-9.4324E-03,-861.4383E-03
+5.6200E-03,-60.0719E-03,-860.3077E-03
+5.6300E-03,-115.6759E-03,-858.4986E-03
+5.6400E-03,-160.6375E-03,-856.0865E-03
+5.6500E-03,-216.0517E-03,-853.6745E-03
+5.6600E-03,-267.3719E-03,-849.8679E-03
+5.6700E-03,-313.6023E-03,-845.5336E-03
+5.6800E-03,-367.8605E-03,-839.7673E-03
+5.6900E-03,-412.4848E-03,-833.3978E-03
+5.7000E-03,-465.0468E-03,-825.5335E-03
+5.7100E-03,-520.1985E-03,-817.2670E-03
+5.7200E-03,-570.3113E-03,-808.5609E-03
+5.7300E-03,-622.0313E-03,-800.0561E-03
+5.7400E-03,-671.6428E-03,-792.8199E-03
+5.7500E-03,-715.5497E-03,-785.8978E-03
+5.7600E-03,-767.3458E-03,-778.9757E-03
+5.7700E-03,-812.8865E-03,-771.5258E-03
+5.7800E-03,-862.2574E-03,-761.6512E-03
+5.7900E-03,-908.4519E-03,-749.1637E-03
+5.8000E-03,-950.7878E-03,-735.8345E-03
+5.8100E-03,-996.5042E-03,-723.2718E-03
+5.8200E-03,-1.0341793E+00,-712.7067E-03
+5.8300E-03,-1.0811525E+00,-704.9933E-03
+5.8400E-03,-1.1194183E+00,-697.3550E-03
+5.8500E-03,-1.1655489E+00,-687.0910E-03
+5.8600E-03,-1.1975587E+00,-672.7942E-03
+5.8700E-03,-1.2405615E+00,-655.5203E-03
+5.8800E-03,-1.2767169E+00,-639.2389E-03
+5.8900E-03,-1.3209512E+00,-625.0556E-03
+5.9000E-03,-1.3554982E+00,-610.8973E-03
+5.9100E-03,-1.3965793E+00,-592.5929E-03
+5.9200E-03,-1.4283621E+00,-571.1482E-03
+5.9300E-03,-1.4587402E+00,-553.6234E-03
+5.9400E-03,-1.4935256E+00,-540.4201E-03
+5.9500E-03,-1.5178723E+00,-527.2917E-03
+5.9600E-03,-1.5515539E+00,-508.2964E-03
+5.9700E-03,-1.5839529E+00,-487.0025E-03
+5.9800E-03,-1.6137773E+00,-470.3069E-03
+5.9900E-03,-1.6464026E+00,-457.4048E-03
+6.0000E-03,-1.6700075E+00,-440.7335E-03
+6.0100E-03,-1.6925079E+00,-417.5550E-03
+6.0200E-03,-1.7207744E+00,-396.7011E-03
+6.0300E-03,-1.7418667E+00,-383.0458E-03
+6.0400E-03,-1.7575324E+00,-370.8845E-03
+6.0500E-03,-1.7770429E+00,-351.6632E-03
+6.0600E-03,-1.8002210E+00,-328.3716E-03
+6.0700E-03,-1.8174821E+00,-308.7614E-03
+6.0800E-03,-1.8308739E+00,-293.0956E-03
+6.0900E-03,-1.8439142E+00,-273.1329E-03
+6.1000E-03,-1.8575701E+00,-248.7737E-03
+6.1100E-03,-1.8718413E+00,-229.0128E-03
+6.1200E-03,-1.8840646E+00,-214.5403E-03
+6.1300E-03,-1.8928209E+00,-194.6907E-03
+6.1400E-03,-1.8992905E+00,-169.4644E-03
+6.1500E-03,-1.9043031E+00,-148.5228E-03
+6.1600E-03,-1.9074434E+00,-135.3321E-03
+6.1700E-03,-1.9095919E+00,-118.8869E-03
+6.1800E-03,-1.9105841E+00,-95.7585E-03
+6.1900E-03,-1.9102826E+00,-74.1005E-03
+6.2000E-03,-1.9087621E+00,-58.9501E-03
+6.2100E-03,-1.9065261E+00,-43.4474E-03
+6.2200E-03,-1.9030837E+00,-22.3540E-03
+6.2300E-03,-1.8982472E+00,-582.8E-06
+6.2400E-03,-1.8911239E+00,+17.4695E-03
+6.2500E-03,-1.8816888E+00,+33.1985E-03
+6.2600E-03,-1.8690506E+00,+54.2289E-03
+6.2700E-03,-1.8552566E+00,+77.1435E-03
+6.2800E-03,-1.8407842E+00,+98.1482E-03
+6.2900E-03,-1.8284226E+00,+116.7790E-03
+6.3000E-03,-1.8142892E+00,+137.9725E-03
+6.3100E-03,-1.7957083E+00,+158.3742E-03
+6.3200E-03,-1.7724420E+00,+173.2106E-03
+6.3300E-03,-1.7544650E+00,+182.6200E-03
+6.3400E-03,-1.7383468E+00,+193.7383E-03
+6.3500E-03,-1.7155445E+00,+210.8996E-03
+6.3600E-03,-1.6870273E+00,+232.2689E-03
+6.3700E-03,-1.6660726E+00,+249.8690E-03
+6.3800E-03,-1.6404817E+00,+261.6651E-03
+6.3900E-03,-1.6072655E+00,+273.8891E-03
+6.4000E-03,-1.5783587E+00,+290.1080E-03
+6.4100E-03,-1.5444887E+00,+309.5930E-03
+6.4200E-03,-1.5128691E+00,+326.4769E-03
+6.4300E-03,-1.4885094E+00,+337.8335E-03
+6.4400E-03,-1.4521268E+00,+346.2505E-03
+6.4500E-03,-1.4243389E+00,+356.3764E-03
+6.4600E-03,-1.3880935E+00,+370.1833E-03
+6.4700E-03,-1.3493509E+00,+386.6028E-03
+6.4800E-03,-1.3121386E+00,+401.6530E-03
+6.4900E-03,-1.2698283E+00,+413.4116E-03
+6.5000E-03,-1.2321890E+00,+422.9591E-03
+6.5100E-03,-1.1910470E+00,+431.1374E-03
+6.5200E-03,-1.1569630E+00,+440.3712E-03
+6.5300E-03,-1.1118758E+00,+450.4969E-03
+6.5400E-03,-1.0715481E+00,+460.6099E-03
+6.5500E-03,-1.0276675E+00,+470.8863E-03
+6.5600E-03,-987.3398E-03,+480.2078E-03
+6.5700E-03,-943.7852E-03,+488.0595E-03
+6.5800E-03,-898.9727E-03,+494.6676E-03
+6.5900E-03,-855.8204E-03,+499.9815E-03
+6.6000E-03,-804.3621E-03,+504.1775E-03
+6.6100E-03,-760.9827E-03,+508.6120E-03
+6.6200E-03,-710.3681E-03,+512.8835E-03
+6.6300E-03,-664.5879E-03,+516.4764E-03
+6.6400E-03,-618.0063E-03,+521.2754E-03
+6.6500E-03,-564.4750E-03,+524.3407E-03
+6.6600E-03,-514.8140E-03,+528.2729E-03
+6.6700E-03,-460.8074E-03,+531.4008E-03
+6.6800E-03,-407.3898E-03,+533.5868E-03
+6.6900E-03,-364.2246E-03,+534.7676E-03
+6.7000E-03,-310.0784E-03,+536.5893E-03
+6.7100E-03,-262.5649E-03,+536.5390E-03
+6.7200E-03,-212.1641E-03,+536.3379E-03
+6.7300E-03,-156.7620E-03,+534.9811E-03
+6.7400E-03,-110.9067E-03,+533.3603E-03
+6.7500E-03,-56.6242E-03,+530.9985E-03
+6.7600E-03,-5.0150E-03,+528.0086E-03
+6.7700E-03,+41.5423E-03,+524.8178E-03
+6.7800E-03,+98.6277E-03,+520.6217E-03
+6.7900E-03,+154.6334E-03,+516.8402E-03
+6.8000E-03,+201.1660E-03,+512.5940E-03
+6.8100E-03,+256.3409E-03,+508.3351E-03
+6.8200E-03,+310.4126E-03,+504.4156E-03
+6.8300E-03,+359.9092E-03,+499.9431E-03
+6.8400E-03,+414.0039E-03,+494.3149E-03
+6.8500E-03,+459.7088E-03,+488.2217E-03
+6.8600E-03,+511.2531E-03,+480.0684E-03
+6.8700E-03,+565.4613E-03,+470.7844E-03
+6.8800E-03,+603.5896E-03,+460.5082E-03
+6.8900E-03,+656.6676E-03,+449.5535E-03
+6.9000E-03,+705.1859E-03,+439.8550E-03
+6.9100E-03,+752.8609E-03,+431.0987E-03
+6.9200E-03,+805.4363E-03,+422.3424E-03
+6.9300E-03,+843.5147E-03,+413.1965E-03
+6.9400E-03,+893.6272E-03,+400.7968E-03
+6.9500E-03,+933.5775E-03,+385.4575E-03
+6.9600E-03,+979.7824E-03,+369.4650E-03
+6.9700E-03,+1.0181755E+00,+355.8095E-03
+6.9800E-03,+1.0654110E+00,+345.9354E-03
+6.9900E-03,+1.1110022E+00,+337.3421E-03
+7.0000E-03,+1.1538029E+00,+325.9097E-03
+7.0100E-03,+1.1980621E+00,+308.2837E-03
+7.0200E-03,+1.2323199E+00,+288.8869E-03
+7.0300E-03,+1.2700720E+00,+272.9200E-03
+7.0400E-03,+1.3064151E+00,+261.3371E-03
+7.0500E-03,+1.3426852E+00,+249.0881E-03
+7.0600E-03,+1.3808119E+00,+231.1607E-03
+7.0700E-03,+1.4108379E+00,+209.9924E-03
+7.0800E-03,+1.4475086E+00,+192.9954E-03
+7.0900E-03,+1.4709622E+00,+182.3674E-03
+7.1000E-03,+1.4984636E+00,+172.2039E-03
+7.1100E-03,+1.5337520E+00,+156.8267E-03
+7.1200E-03,+1.5601841E+00,+136.3615E-03
+7.1300E-03,+1.5918804E+00,+115.2562E-03
+7.1400E-03,+1.6211261E+00,+96.6632E-03
+7.1500E-03,+1.6430605E+00,+76.2862E-03
+7.1600E-03,+1.6681488E+00,+52.3792E-03
+7.1700E-03,+1.6921809E+00,+32.1910E-03
+7.1800E-03,+1.7095299E+00,+16.0605E-03
+7.1900E-03,+1.7261633E+00,-1.7914E-03
+7.2000E-03,+1.7468294E+00,-24.5934E-03
+7.2100E-03,+1.7667412E+00,-45.3970E-03
+7.2200E-03,+1.7815649E+00,-60.3337E-03
+7.2300E-03,+1.7925947E+00,-76.3517E-03
+7.2400E-03,+1.8031226E+00,-98.4124E-03
+7.2500E-03,+1.8146050E+00,-120.6985E-03
+7.2600E-03,+1.8263513E+00,-136.5272E-03
+7.2700E-03,+1.8362003E+00,-150.4847E-03
+7.2800E-03,+1.8446298E+00,-172.1814E-03
+7.2900E-03,+1.8498055E+00,-197.5080E-03
+7.3000E-03,+1.8537373E+00,-215.9872E-03
+7.3100E-03,+1.8570164E+00,-231.1003E-03
+7.3200E-03,+1.8569661E+00,-251.2641E-03
+7.3300E-03,+1.8566897E+00,-275.4350E-03
+7.3400E-03,+1.8531971E+00,-294.7812E-03
+7.3500E-03,+1.8498428E+00,-310.3970E-03
+7.3600E-03,+1.8446918E+00,-331.0632E-03
+7.3700E-03,+1.8364379E+00,-354.2164E-03
+7.3800E-03,+1.8270533E+00,-372.8842E-03
+7.3900E-03,+1.8151184E+00,-384.2280E-03
+7.4000E-03,+1.8036739E+00,-398.9648E-03
+7.4100E-03,+1.7930835E+00,-420.5733E-03
+7.4200E-03,+1.7821790E+00,-442.9975E-03
+7.4300E-03,+1.7681456E+00,-458.7006E-03
+7.4400E-03,+1.7485351E+00,-471.3641E-03
+7.4500E-03,+1.7277937E+00,-489.2916E-03
+7.4600E-03,+1.7108594E+00,-510.3093E-03
+7.4700E-03,+1.6937863E+00,-528.7511E-03
+7.4800E-03,+1.6701175E+00,-541.9292E-03
+7.4900E-03,+1.6441002E+00,-555.1331E-03
+7.5000E-03,+1.6223914E+00,-573.9023E-03
+7.5100E-03,+1.5930190E+00,-595.0328E-03
+7.5200E-03,+1.5616751E+00,-612.4822E-03
+7.5300E-03,+1.5352429E+00,-626.5776E-03
+7.5400E-03,+1.5001923E+00,-641.0124E-03
+7.5500E-03,+1.4720151E+00,-657.6959E-03
+7.5600E-03,+1.4495892E+00,-674.5550E-03
+7.5700E-03,+1.4130566E+00,-688.1980E-03
+7.5800E-03,+1.3827181E+00,-698.2858E-03
+7.5900E-03,+1.3456061E+00,-705.6098E-03
+7.6000E-03,+1.3081950E+00,-714.0396E-03
+7.6100E-03,+1.2731061E+00,-724.5424E-03
+7.6200E-03,+1.2342253E+00,-737.4946E-03
+7.6300E-03,+1.2017371E+00,-751.0750E-03
+7.6400E-03,+1.1577046E+00,-762.2935E-03
+7.6500E-03,+1.1164225E+00,-772.4566E-03
+7.6600E-03,+1.0700914E+00,-779.8183E-03
+7.6700E-03,+1.0255553E+00,-786.4264E-03
+7.6800E-03,+984.7905E-03,-793.6248E-03
+7.6900E-03,+941.4096E-03,-801.2128E-03
+7.7000E-03,+899.9661E-03,-809.3912E-03
+7.7100E-03,+851.8998E-03,-817.4566E-03
+7.7200E-03,+813.0814E-03,-826.0621E-03
+7.7300E-03,+760.8447E-03,-833.4994E-03
+7.7400E-03,+714.9270E-03,-840.4841E-03
+7.7500E-03,+664.1615E-03,-846.2000E-03
+7.7600E-03,+612.1882E-03,-850.4462E-03
+7.7700E-03,+573.1696E-03,-853.8507E-03
+7.7800E-03,+520.0402E-03,-856.0993E-03
+7.7900E-03,+470.3789E-03,-858.3607E-03
+7.8000E-03,+420.4434E-03,-860.0817E-03
+7.8100E-03,+369.0227E-03,-861.2751E-03
+7.8200E-03,+321.2463E-03,-861.9409E-03
+7.8300E-03,+264.4629E-03,-862.8455E-03
+7.8400E-03,+211.2708E-03,-863.2976E-03
+7.8500E-03,+164.9146E-03,-863.1595E-03
+7.8600E-03,+107.3523E-03,-863.0841E-03
+7.8700E-03,+52.1128E-03,-862.4810E-03
+7.8800E-03,+5.5183E-03,-861.3002E-03
+7.8900E-03,-49.5947E-03,-860.4082E-03
+7.9000E-03,-99.2192E-03,-859.0136E-03
+7.9100E-03,-148.3258E-03,-856.2875E-03
+7.9200E-03,-203.3640E-03,-854.1895E-03
+7.9300E-03,-250.8022E-03,-850.5212E-03
+7.9400E-03,-302.4588E-03,-846.5762E-03
+7.9500E-03,-353.8045E-03,-841.2369E-03
+7.9600E-03,-397.6981E-03,-835.3700E-03
+7.9700E-03,-452.7483E-03,-827.7068E-03
+7.9800E-03,-504.0686E-03,-819.0008E-03
+7.9900E-03,-555.4373E-03,-810.3574E-03
+8.0000E-03,-610.6500E-03,-802.2293E-03
+8.0100E-03,-655.8644E-03,-794.3650E-03
+8.0200E-03,-704.7955E-03,-787.6566E-03
+8.0300E-03,-754.1433E-03,-780.9983E-03
+8.0400E-03,-799.0174E-03,-773.5987E-03
+8.0500E-03,-851.9185E-03,-764.5406E-03
+8.0600E-03,-893.5781E-03,-752.4803E-03
+8.0700E-03,-941.1772E-03,-739.2013E-03
+8.0800E-03,-983.4770E-03,-726.3874E-03
+8.0900E-03,-1.0245939E+00,-715.0809E-03
+8.1000E-03,-1.0678742E+00,-706.6263E-03
+8.1100E-03,-1.1089034E+00,-699.3902E-03
+8.1200E-03,-1.1534016E+00,-689.8799E-03
+8.1300E-03,-1.1885887E+00,-676.9022E-03
+8.1400E-03,-1.2279996E+00,-660.4572E-03
+8.1500E-03,-1.2676218E+00,-643.6860E-03
+8.1600E-03,-1.3091556E+00,-628.7741E-03
+8.1700E-03,-1.3471441E+00,-615.0179E-03
+8.1800E-03,-1.3849718E+00,-597.8316E-03
+8.1900E-03,-1.4219053E+00,-576.9395E-03
+8.2000E-03,-1.4485261E+00,-557.7564E-03
+8.2100E-03,-1.4861892E+00,-543.6235E-03
+8.2200E-03,-1.5111260E+00,-531.2615E-03
+8.2300E-03,-1.5413156E+00,-513.9871E-03
+8.2400E-03,-1.5757874E+00,-492.0652E-03
+8.2500E-03,-1.6049961E+00,-474.3393E-03
+8.2600E-03,-1.6381369E+00,-460.7591E-03
+8.2700E-03,-1.6641159E+00,-446.1232E-03
+8.2800E-03,-1.6858372E+00,-424.2631E-03
+8.2900E-03,-1.7130361E+00,-402.1782E-03
+8.3000E-03,-1.7377839E+00,-386.0858E-03
+8.3100E-03,-1.7534120E+00,-374.6410E-03
+8.3200E-03,-1.7711634E+00,-357.5925E-03
+8.3300E-03,-1.7941914E+00,-334.1377E-03
+8.3400E-03,-1.8133493E+00,-313.4095E-03
+8.3500E-03,-1.8278588E+00,-297.2665E-03
+8.3600E-03,-1.8401203E+00,-279.1252E-03
+8.3700E-03,-1.8540652E+00,-255.2432E-03
+8.3800E-03,-1.8685374E+00,-233.5100E-03
+8.3900E-03,-1.8811756E+00,-218.0956E-03
+8.4000E-03,-1.8909867E+00,-201.0349E-03
+8.4100E-03,-1.8980846E+00,-175.9339E-03
+8.4200E-03,-1.9024064E+00,-153.6105E-03
+8.4300E-03,-1.9065390E+00,-138.5355E-03
+8.4400E-03,-1.9080716E+00,-124.0250E-03
+8.4500E-03,-1.9105841E+00,-102.4794E-03
+8.4600E-03,-1.9104712E+00,-79.3891E-03
+8.4700E-03,-1.9101192E+00,-62.8318E-03
+8.4800E-03,-1.9073429E+00,-48.0956E-03
+8.4900E-03,-1.9047295E+00,-28.6604E-03
+8.5000E-03,-1.8999055E+00,-6.0599E-03
+8.5100E-03,-1.8933975E+00,+12.9223E-03
+8.5200E-03,-1.8847919E+00,+28.9648E-03
+8.5300E-03,-1.8731461E+00,+48.3873E-03
+8.5400E-03,-1.8591760E+00,+71.6662E-03
+8.5500E-03,-1.8449425E+00,+93.2489E-03
+8.5600E-03,-1.8322288E+00,+111.5905E-03
+8.5700E-03,-1.8190127E+00,+131.8043E-03
+8.5800E-03,-1.8014370E+00,+152.9349E-03
+8.5900E-03,-1.7792760E+00,+169.8691E-03
+8.6000E-03,-1.7590125E+00,+180.2457E-03
+8.6100E-03,-1.7431458E+00,+190.0449E-03
+8.6200E-03,-1.7231323E+00,+205.4224E-03
+8.6300E-03,-1.6947655E+00,+226.2390E-03
+8.6400E-03,-1.6716002E+00,+245.3970E-03
+8.6500E-03,-1.6482076E+00,+259.1403E-03
+8.6600E-03,-1.6158831E+00,+270.2711E-03
+8.6700E-03,-1.5860972E+00,+285.5479E-03
+8.6800E-03,-1.5533706E+00,+304.7688E-03
+8.6900E-03,-1.5201675E+00,+322.9096E-03
+8.7000E-03,-1.4957581E+00,+335.4593E-03
+8.7100E-03,-1.4624781E+00,+344.2783E-03
+8.7200E-03,-1.4308085E+00,+353.3486E-03
+8.7300E-03,-1.3998275E+00,+366.1632E-03
+8.7400E-03,-1.3583455E+00,+382.4698E-03
+8.7500E-03,-1.3242115E+00,+398.1480E-03
+8.7600E-03,-1.2796516E+00,+410.5724E-03
+8.7700E-03,-1.2444002E+00,+420.6853E-03
+8.7800E-03,-1.2001293E+00,+429.1275E-03
+8.7900E-03,-1.1681565E+00,+437.5697E-03
+8.8000E-03,-1.1223902E+00,+447.9593E-03
+8.8100E-03,-1.0844124E+00,+458.2483E-03
+8.8200E-03,-1.0369753E+00,+468.7885E-03
+8.8300E-03,-999.5253E-03,+478.1603E-03
+8.8400E-03,-954.2243E-03,+486.3763E-03
+8.8500E-03,-913.0300E-03,+493.3108E-03
+8.8600E-03,-865.7575E-03,+498.9514E-03
+8.8700E-03,-818.7083E-03,+503.4362E-03
+8.8800E-03,-772.9053E-03,+507.6574E-03
+8.8900E-03,-722.4020E-03,+511.8534E-03
+8.9000E-03,-679.5503E-03,+515.6723E-03
+8.9100E-03,-628.3452E-03,+519.9313E-03
+8.9200E-03,-580.6677E-03,+523.7251E-03
+8.9300E-03,-529.7634E-03,+527.6573E-03
+8.9400E-03,-473.9096E-03,+530.3581E-03
+8.9500E-03,-424.0219E-03,+532.7577E-03
+8.9600E-03,-375.7698E-03,+534.9687E-03
+8.9700E-03,-323.3817E-03,+536.1747E-03
+8.9800E-03,-278.2431E-03,+537.0790E-03
+8.9900E-03,-223.8851E-03,+536.3883E-03
+9.0000E-03,-171.8864E-03,+535.3956E-03
+9.0100E-03,-126.0079E-03,+534.1896E-03
+9.0200E-03,-68.3947E-03,+531.6140E-03
+9.0300E-03,-20.6549E-03,+529.1016E-03
+9.0400E-03,+29.0173E-03,+525.2323E-03
+9.0500E-03,+85.3995E-03,+521.7020E-03
+9.0600E-03,+139.0435E-03,+518.3727E-03
+9.0700E-03,+188.6025E-03,+513.5612E-03
+9.0800E-03,+243.8420E-03,+509.6793E-03
+9.0900E-03,+293.4281E-03,+505.3452E-03
+9.1000E-03,+347.0198E-03,+500.9732E-03
+9.1100E-03,+401.8694E-03,+496.0737E-03
+9.1200E-03,+443.9302E-03,+490.3071E-03
+9.1300E-03,+498.9545E-03,+482.7571E-03
+9.1400E-03,+551.1039E-03,+473.2592E-03
+9.1500E-03,+592.1197E-03,+462.7190E-03
+9.1600E-03,+643.9046E-03,+452.0030E-03
+9.1700E-03,+689.8849E-03,+442.2668E-03
+9.1800E-03,+741.7682E-03,+433.0962E-03
+9.1900E-03,+791.7067E-03,+425.2194E-03
+9.2000E-03,+832.6345E-03,+415.9226E-03
+9.2100E-03,+881.4674E-03,+404.6408E-03
+9.2200E-03,+920.7005E-03,+389.9046E-03
+9.2300E-03,+969.8334E-03,+373.6986E-03
+9.2400E-03,+1.0052233E+00,+359.3270E-03
+9.2500E-03,+1.0545571E+00,+348.5231E-03
+9.2600E-03,+1.0962536E+00,+339.5030E-03
+9.2700E-03,+1.1432631E+00,+329.7415E-03
+9.2800E-03,+1.1854622E+00,+313.2588E-03
+9.2900E-03,+1.2239534E+00,+294.1504E-03
+9.3000E-03,+1.2584518E+00,+276.5379E-03
+9.3100E-03,+1.2979735E+00,+264.5279E-03
+9.3200E-03,+1.3309891E+00,+252.7943E-03
+9.3300E-03,+1.3724461E+00,+236.5500E-03
+9.3400E-03,+1.4011898E+00,+215.8213E-03
+9.3500E-03,+1.4375343E+00,+196.7639E-03
+9.3600E-03,+1.4661005E+00,+184.6035E-03
+9.3700E-03,+1.4887024E+00,+175.5330E-03
+9.3800E-03,+1.5250087E+00,+161.6634E-03
+9.3900E-03,+1.5532871E+00,+141.6503E-03
+9.4000E-03,+1.5825716E+00,+120.9470E-03
+9.4100E-03,+1.6143047E+00,+102.1029E-03
+9.4200E-03,+1.6367667E+00,+82.4920E-03
+9.4300E-03,+1.6615788E+00,+58.7857E-03
+9.4400E-03,+1.6865532E+00,+37.4672E-03
+9.4500E-03,+1.7054346E+00,+20.5703E-03
+9.4600E-03,+1.7214022E+00,+3.3967E-03
+9.4700E-03,+1.7408496E+00,-17.7216E-03
+9.4800E-03,+1.7620931E+00,-40.0203E-03
+9.4900E-03,+1.7784118E+00,-56.2385E-03
+9.5000E-03,+1.7901075E+00,-70.7615E-03
+9.5100E-03,+1.8002836E+00,-91.5281E-03
+9.5200E-03,+1.8115021E+00,-115.3347E-03
+9.5300E-03,+1.8232986E+00,-132.8718E-03
+9.5400E-03,+1.8339519E+00,-146.2386E-03
+9.5500E-03,+1.8423687E+00,-165.5483E-03
+9.5600E-03,+1.8485492E+00,-190.6740E-03
+9.5700E-03,+1.8531973E+00,-211.5654E-03
+9.5800E-03,+1.8558859E+00,-226.3392E-03
+9.5900E-03,+1.8566897E+00,-244.9578E-03
+9.6000E-03,+1.8563756E+00,-268.7520E-03
+9.6100E-03,+1.8537998E+00,-290.1710E-03
+9.6200E-03,+1.8517516E+00,-305.7489E-03
+9.6300E-03,+1.8455834E+00,-324.7065E-03
+9.6400E-03,+1.8392394E+00,-348.2242E-03
+9.6500E-03,+1.8295532E+00,-368.6257E-03
+9.6600E-03,+1.8186989E+00,-381.5397E-03
+9.6700E-03,+1.8069024E+00,-394.5428E-03
+9.6800E-03,+1.7957341E+00,-414.5183E-03
+9.6900E-03,+1.7852188E+00,-437.3698E-03
+9.7000E-03,+1.7726433E+00,-454.8063E-03
+9.7100E-03,+1.7535977E+00,-468.0726E-03
+9.7200E-03,+1.7335222E+00,-484.1409E-03
+9.7300E-03,+1.7149925E+00,-504.9451E-03
+9.7400E-03,+1.6985852E+00,-524.9321E-03
+9.7500E-03,+1.6773534E+00,-538.7258E-03
+9.7600E-03,+1.6502929E+00,-551.0500E-03
+9.7700E-03,+1.6283967E+00,-567.8972E-03
+9.7800E-03,+1.6021142E+00,-589.5684E-03
+9.7900E-03,+1.5696270E+00,-608.2615E-03
+9.8000E-03,+1.5424916E+00,-623.2737E-03
+9.8100E-03,+1.5104805E+00,-636.8667E-03
+9.8200E-03,+1.4778057E+00,-653.1483E-03
+9.8300E-03,+1.4574666E+00,-670.3468E-03
+9.8400E-03,+1.4227044E+00,-685.1329E-03
+9.8500E-03,+1.3896021E+00,-695.8236E-03
+9.8600E-03,+1.3576660E+00,-703.6751E-03
+9.8700E-03,+1.3161722E+00,-711.6401E-03
+9.8800E-03,+1.2845512E+00,-721.2885E-03
+9.8900E-03,+1.2431314E+00,-733.3991E-03
+9.9000E-03,+1.2122775E+00,-747.0175E-03
+9.9100E-03,+1.1687466E+00,-759.6804E-03
+9.9200E-03,+1.1292742E+00,-769.9568E-03
+9.9300E-03,+1.0812216E+00,-778.2732E-03
+9.9400E-03,+1.0399399E+00,-784.8937E-03
+9.9500E-03,+993.8101E-03,-791.3006E-03
+9.9600E-03,+955.7685E-03,-798.7254E-03
+9.9700E-03,+909.1618E-03,-806.8915E-03
+9.9800E-03,+865.6555E-03,-815.8110E-03
+9.9900E-03,+823.1441E-03,-824.2028E-03
+10.0000E-03,+775.3412E-03,-831.4392E-03
+10.0100E-03,+729.1986E-03,-838.7253E-03
